-- phpMyAdmin SQL Dump
-- version 4.5.5.1
-- http://www.phpmyadmin.net
--
-- Host: 127.0.0.1
-- Generation Time: Apr 11, 2018 at 11:21 AM
-- Server version: 5.7.11
-- PHP Version: 7.0.4

SET SQL_MODE = "NO_AUTO_VALUE_ON_ZERO";
SET time_zone = "+00:00";


/*!40101 SET @OLD_CHARACTER_SET_CLIENT=@@CHARACTER_SET_CLIENT */;
/*!40101 SET @OLD_CHARACTER_SET_RESULTS=@@CHARACTER_SET_RESULTS */;
/*!40101 SET @OLD_COLLATION_CONNECTION=@@COLLATION_CONNECTION */;
/*!40101 SET NAMES utf8mb4 */;

--
-- Database: `ease`
--

-- --------------------------------------------------------

--
-- Table structure for table `course`
--

CREATE TABLE `course` (
  `id` int(11) NOT NULL,
  `student_id` int(11) NOT NULL,
  `course_name` varchar(15) NOT NULL
) ENGINE=InnoDB DEFAULT CHARSET=latin1;

--
-- Dumping data for table `course`
--

INSERT INTO `course` (`id`, `student_id`, `course_name`) VALUES
(1, 1, 'bscs'),
(2, 2, 'bscs'),
(3, 3, 'bscs'),
(4, 4, 'bscs'),
(5, 5, 'bscs'),
(6, 6, 'bscs'),
(7, 7, 'bscs'),
(8, 8, 'bscs'),
(9, 9, 'bscs'),
(10, 10, 'bscs'),
(11, 11, 'bscs'),
(12, 12, 'bscs'),
(13, 13, 'bscs'),
(14, 14, 'bscs'),
(15, 15, 'bscs'),
(16, 16, 'bscs'),
(17, 17, 'bscs'),
(18, 18, 'bscs'),
(19, 19, 'bscs'),
(20, 20, 'bscs'),
(21, 21, 'bscs'),
(22, 22, 'bscs'),
(23, 23, 'bscs'),
(24, 24, 'bscs'),
(25, 25, 'bscs'),
(26, 26, 'bscs'),
(27, 27, 'bscs'),
(28, 28, 'bscs'),
(29, 29, 'bscs'),
(30, 30, 'bscs'),
(31, 31, 'bscs'),
(32, 32, 'bscs'),
(33, 33, 'bscs'),
(34, 34, 'bscs'),
(35, 35, 'bscs'),
(36, 36, 'bscs'),
(37, 37, 'bscs'),
(38, 38, 'bscs'),
(39, 39, 'bscs'),
(40, 40, 'bscs'),
(41, 41, 'bscs'),
(42, 42, 'bscs'),
(43, 43, 'bscs'),
(44, 44, 'bscs'),
(45, 45, 'bscs'),
(46, 46, 'bscs'),
(47, 47, 'bscs'),
(48, 48, 'bscs'),
(49, 49, 'bscs'),
(50, 50, 'bscs'),
(51, 51, 'bscs'),
(52, 52, 'bscs'),
(53, 53, 'bscs'),
(54, 54, 'bscs'),
(55, 55, 'bscs'),
(56, 56, 'bscs'),
(57, 57, 'bscs'),
(58, 58, 'bscs'),
(59, 59, 'bscs'),
(60, 60, 'bscs'),
(61, 62, 'bscs'),
(62, 63, 'bscs'),
(63, 64, 'bscs'),
(64, 65, 'bscs'),
(65, 66, 'bscs'),
(66, 67, 'bscs'),
(67, 68, 'bscs'),
(68, 69, 'bscs'),
(69, 70, 'bscs'),
(70, 71, 'bscs'),
(71, 72, 'bscs'),
(72, 73, 'bscs'),
(73, 74, 'bscs'),
(74, 75, 'bscs'),
(75, 76, 'bscs'),
(76, 77, 'bscs'),
(77, 78, 'bscs'),
(78, 79, 'bscs'),
(79, 80, 'bscs'),
(80, 81, 'bscs'),
(81, 82, 'bscs'),
(82, 83, 'bscs'),
(83, 84, 'bscs'),
(84, 85, 'bscs'),
(85, 86, 'bscs'),
(86, 87, 'bscs'),
(87, 88, 'bscs'),
(88, 89, 'bscs'),
(89, 90, 'bscs'),
(90, 61, 'bscs'),
(91, 91, 'bsit'),
(92, 92, 'bsit'),
(93, 93, 'bsit'),
(94, 94, 'bsit'),
(95, 95, 'bsit'),
(96, 96, 'bsit'),
(97, 97, 'bsit'),
(98, 98, 'bsit'),
(99, 99, 'bsit'),
(100, 100, 'bsit'),
(101, 101, 'bsit'),
(102, 102, 'bsit'),
(103, 103, 'bsit'),
(104, 104, 'bsit'),
(105, 105, 'bsit'),
(106, 106, 'bsit'),
(107, 107, 'bsit'),
(108, 108, 'bsit'),
(109, 109, 'bsit'),
(110, 110, 'bsit'),
(111, 111, 'bsit'),
(112, 112, 'bsit'),
(113, 113, 'bsit'),
(114, 114, 'bsit'),
(115, 115, 'bsit'),
(116, 116, 'bsit'),
(117, 117, 'bsit'),
(118, 118, 'bsit'),
(119, 119, 'bsit'),
(120, 120, 'bsit'),
(121, 121, 'bsit'),
(122, 122, 'bsit'),
(123, 123, 'bsit'),
(124, 124, 'bsit'),
(125, 125, 'bsit'),
(126, 126, 'bsit'),
(127, 127, 'bsit'),
(128, 128, 'bsit'),
(129, 129, 'bsit'),
(130, 130, 'bsit'),
(131, 131, 'bsit'),
(132, 132, 'bsit'),
(133, 133, 'bsit'),
(134, 134, 'bsit'),
(135, 135, 'bsit'),
(136, 136, 'bsit'),
(137, 137, 'bsit'),
(138, 138, 'bsit'),
(139, 139, 'bsit'),
(140, 140, 'bsit'),
(141, 141, 'bsit'),
(142, 142, 'bsit'),
(143, 143, 'bsit'),
(144, 144, 'bsit'),
(145, 145, 'bsit'),
(146, 146, 'bsit'),
(147, 147, 'bsit'),
(148, 148, 'bsit'),
(149, 149, 'bsit'),
(150, 150, 'bsit'),
(151, 151, 'bsit'),
(152, 152, 'bsit'),
(153, 153, 'bsit'),
(154, 154, 'bsit'),
(155, 155, 'bsit'),
(156, 156, 'bsit'),
(157, 157, 'bsit'),
(158, 158, 'bsit'),
(159, 159, 'bsit'),
(160, 160, 'bsit'),
(161, 161, 'bsit'),
(162, 162, 'bsit'),
(163, 163, 'bsit'),
(164, 164, 'bsit'),
(165, 165, 'bsit'),
(166, 166, 'bsit'),
(167, 167, 'bsit'),
(168, 168, 'bsit'),
(169, 169, 'bsit'),
(170, 170, 'bsit'),
(171, 171, 'bsit'),
(172, 172, 'bsit'),
(173, 173, 'bsit'),
(174, 174, 'bsit'),
(175, 175, 'bsit'),
(176, 176, 'bsit'),
(177, 177, 'bsit'),
(178, 178, 'bsit'),
(179, 179, 'bsit'),
(180, 180, 'bsit'),
(181, 181, 'bsit'),
(182, 182, 'bsit'),
(183, 183, 'bsit'),
(184, 184, 'bsit'),
(185, 185, 'bsit'),
(186, 186, 'bsit'),
(187, 187, 'bsit'),
(188, 188, 'bsit'),
(189, 189, 'bsit'),
(190, 190, 'bsit'),
(191, 191, 'bsit'),
(192, 192, 'bsit'),
(193, 193, 'bsit'),
(194, 194, 'bsit'),
(195, 195, 'bsit'),
(196, 196, 'bsit'),
(197, 197, 'bsit'),
(198, 198, 'bsit'),
(199, 199, 'bsit'),
(200, 200, 'bsit'),
(201, 201, 'bsit'),
(202, 202, 'bsit'),
(203, 203, 'bsit'),
(204, 204, 'bsit'),
(205, 205, 'bsit'),
(206, 206, 'bsit'),
(207, 207, 'bsit'),
(208, 208, 'bsit'),
(209, 209, 'bsit'),
(210, 210, 'bsit');

-- --------------------------------------------------------

--
-- Table structure for table `eq`
--

CREATE TABLE `eq` (
  `id` int(11) NOT NULL,
  `student_id` int(11) NOT NULL,
  `intrapersonal` int(3) NOT NULL,
  `interpersonal` int(3) NOT NULL,
  `stress` int(3) NOT NULL,
  `adapt` int(3) NOT NULL,
  `mood` int(3) NOT NULL,
  `total_eq` int(5) NOT NULL
) ENGINE=InnoDB DEFAULT CHARSET=latin1;

--
-- Dumping data for table `eq`
--

INSERT INTO `eq` (`id`, `student_id`, `intrapersonal`, `interpersonal`, `stress`, `adapt`, `mood`, `total_eq`) VALUES
(1, 1, 72, 106, 101, 116, 140, 117),
(2, 2, 76, 115, 85, 94, 163, 65),
(3, 3, 88, 82, 111, 69, 138, 105),
(4, 4, 72, 74, 85, 125, 119, 82),
(5, 5, 95, 73, 121, 84, 71, 84),
(6, 6, 96, 112, 77, 89, 78, 119),
(7, 7, 113, 109, 101, 73, 160, 102),
(8, 8, 83, 83, 121, 76, 102, 110),
(9, 9, 100, 99, 108, 95, 61, 118),
(10, 10, 101, 98, 125, 70, 82, 81),
(11, 11, 74, 81, 111, 121, 79, 89),
(12, 12, 89, 72, 91, 87, 81, 81),
(13, 13, 90, 81, 100, 102, 87, 89),
(14, 14, 87, 100, 113, 80, 103, 95),
(15, 15, 74, 83, 92, 72, 65, 72),
(16, 16, 67, 86, 75, 91, 85, 75),
(17, 17, 73, 94, 83, 90, 86, 81),
(18, 18, 81, 86, 111, 80, 65, 79),
(19, 19, 82, 87, 102, 90, 89, 88),
(20, 20, 65, 97, 83, 100, 94, 81),
(21, 21, 65, 94, 75, 87, 89, 73),
(22, 22, 73, 94, 83, 100, 99, 84),
(23, 23, 75, 97, 102, 80, 77, 81),
(24, 24, 103, 84, 91, 97, 77, 159),
(25, 25, 65, 91, 78, 83, 91, 73),
(26, 26, 85, 81, 91, 100, 79, 81),
(27, 27, 86, 65, 105, 95, 90, 86),
(28, 28, 95, 100, 99, 90, 113, 99),
(29, 29, 94, 65, 83, 93, 74, 70),
(30, 30, 68, 75, 86, 80, 72, 66),
(31, 31, 75, 72, 94, 104, 54, 73),
(32, 32, 86, 91, 86, 98, 96, 89),
(33, 33, 82, 106, 97, 90, 101, 92),
(34, 34, 80, 91, 86, 104, 94, 88),
(35, 35, 97, 83, 100, 98, 87, 93),
(36, 36, 93, 65, 92, 80, 85, 79),
(37, 37, 87, 78, 86, 93, 81, 81),
(38, 38, 65, 65, 88, 100, 89, 73),
(39, 39, 85, 84, 110, 100, 94, 92),
(40, 40, 82, 103, 99, 83, 79, 84),
(41, 41, 101, 97, 107, 80, 166, 92),
(42, 42, 65, 106, 94, 121, 81, 84),
(43, 43, 86, 107, 94, 102, 112, 100),
(44, 44, 67, 94, 111, 98, 71, 82),
(45, 45, 75, 65, 99, 83, 69, 70),
(46, 46, 88, 109, 125, 87, 98, 103),
(47, 47, 88, 86, 105, 91, 101, 93),
(48, 48, 93, 94, 81, 91, 82, 86),
(49, 49, 88, 96, 97, 84, 87, 87),
(50, 50, 77, 91, 92, 91, 93, 86),
(51, 51, 81, 107, 75, 98, 82, 86),
(52, 52, 89, 103, 113, 87, 170, 95),
(53, 53, 89, 87, 99, 121, 118, 103),
(54, 54, 65, 81, 80, 93, 89, 73),
(55, 55, 65, 117, 105, 95, 87, 89),
(56, 56, 80, 91, 102, 87, 89, 157),
(57, 57, 78, 75, 83, 80, 81, 73),
(58, 58, 101, 100, 113, 117, 101, 106),
(59, 59, 95, 96, 103, 98, 90, 96),
(60, 60, 82, 65, 91, 97, 67, 70),
(61, 61, 67, 99, 92, 98, 96, 86),
(62, 62, 79, 104, 92, 102, 96, 93),
(63, 63, 70, 94, 78, 97, 79, 77),
(64, 64, 90, 109, 89, 106, 117, 103),
(65, 65, 85, 84, 107, 83, 91, 88),
(66, 66, 82, 84, 99, 80, 86, 81),
(67, 67, 86, 99, 67, 106, 79, 82),
(68, 68, 104, 102, 122, 102, 101, 107),
(69, 69, 81, 89, 111, 110, 93, 93),
(70, 70, 65, 112, 81, 95, 87, 79),
(71, 71, 73, 65, 105, 93, 161, 88),
(72, 72, 68, 65, 107, 80, 77, 70),
(73, 73, 67, 91, 97, 72, 69, 75),
(74, 74, 65, 81, 78, 106, 65, 68),
(75, 75, 72, 102, 86, 106, 90, 86),
(76, 76, 79, 86, 103, 84, 85, 82),
(77, 77, 86, 65, 92, 69, 74, 68),
(78, 78, 80, 84, 83, 100, 74, 77),
(79, 79, 80, 65, 72, 66, 115, 65),
(80, 80, 103, 75, 72, 80, 96, 81),
(81, 81, 72, 109, 92, 117, 85, 93),
(82, 82, 90, 89, 114, 110, 71, 93),
(83, 83, 87, 94, 94, 87, 91, 88),
(84, 84, 70, 87, 105, 80, 67, 73),
(85, 85, 114, 102, 92, 110, 98, 103),
(86, 86, 65, 81, 88, 93, 65, 66),
(87, 87, 94, 65, 65, 65, 65, 65),
(88, 88, 94, 75, 78, 87, 81, 77),
(89, 89, 100, 99, 78, 106, 101, 96),
(90, 90, 80, 106, 99, 87, 81, 88),
(91, 91, 81, 99, 108, 84, 87, 89),
(92, 92, 75, 65, 88, 83, 94, 73),
(93, 93, 79, 78, 86, 84, 87, 79),
(94, 94, 79, 83, 100, 80, 65, 75),
(95, 95, 84, 78, 103, 84, 79, 82),
(96, 96, 90, 78, 97, 95, 90, 86),
(97, 97, 72, 107, 89, 102, 104, 93),
(98, 98, 79, 86, 100, 84, 84, 66),
(99, 99, 67, 96, 70, 113, 90, 82),
(100, 100, 89, 100, 121, 117, 108, 110),
(101, 101, 88, 83, 94, 95, 74, 82),
(102, 102, 94, 72, 99, 111, 67, 84),
(103, 103, 97, 86, 97, 65, 90, 86),
(104, 104, 72, 89, 75, 65, 69, 65),
(105, 105, 93, 65, 72, 65, 65, 65),
(106, 106, 73, 91, 102, 70, 79, 77),
(107, 107, 74, 73, 92, 76, 86, 75),
(108, 108, 77, 81, 97, 65, 65, 65),
(109, 109, 100, 70, 78, 65, 87, 75),
(110, 110, 82, 78, 99, 87, 150, 81),
(111, 111, 79, 102, 111, 98, 98, 96),
(112, 112, 95, 75, 99, 100, 89, 88),
(113, 113, 66, 81, 80, 104, 81, 73),
(114, 114, 85, 106, 99, 97, 91, 91),
(115, 115, 79, 83, 89, 80, 85, 79),
(116, 116, 85, 75, 91, 90, 79, 77),
(117, 117, 80, 78, 102, 93, 79, 81),
(118, 118, 85, 75, 91, 80, 84, 77),
(119, 119, 102, 115, 94, 95, 93, 100),
(120, 120, 102, 104, 114, 76, 93, 100),
(121, 121, 65, 75, 78, 95, 65, 68),
(122, 122, 82, 65, 110, 93, 94, 95),
(123, 123, 103, 97, 113, 100, 108, 106),
(124, 124, 100, 86, 94, 102, 109, 96),
(125, 125, 80, 87, 86, 100, 77, 81),
(126, 126, 86, 96, 111, 106, 85, 96),
(127, 127, 87, 94, 86, 93, 91, 88),
(128, 128, 85, 78, 110, 76, 81, 81),
(129, 129, 67, 96, 125, 87, 79, 89),
(130, 130, 94, 103, 88, 90, 94, 92),
(131, 131, 95, 65, 100, 98, 101, 89),
(132, 132, 81, 81, 94, 98, 85, 82),
(133, 133, 78, 78, 83, 70, 137, 70),
(134, 134, 78, 69, 91, 93, 77, 73),
(135, 135, 95, 96, 105, 95, 98, 96),
(136, 136, 85, 87, 99, 100, 94, 92),
(137, 137, 77, 91, 83, 98, 82, 82),
(138, 138, 70, 70, 86, 72, 65, 65),
(139, 139, 82, 81, 97, 83, 74, 77),
(140, 140, 101, 84, 107, 107, 84, 95),
(141, 141, 92, 75, 91, 104, 84, 84),
(142, 142, 72, 91, 86, 95, 85, 82),
(143, 143, 78, 66, 88, 76, 133, 70),
(144, 144, 65, 100, 88, 83, 74, 73),
(145, 145, 78, 103, 72, 114, 101, 88),
(146, 146, 72, 96, 83, 87, 82, 79),
(147, 147, 77, 86, 94, 95, 79, 82),
(148, 148, 95, 83, 86, 87, 79, 82),
(149, 149, 84, 96, 97, 110, 87, 93),
(150, 150, 67, 99, 81, 117, 104, 89),
(151, 151, 78, 65, 65, 100, 84, 65),
(152, 152, 82, 81, 83, 83, 91, 81),
(153, 153, 90, 91, 94, 80, 93, 89),
(154, 154, 80, 81, 83, 87, 86, 77),
(155, 155, 75, 87, 91, 93, 79, 81),
(156, 156, 77, 86, 81, 69, 65, 68),
(157, 157, 89, 69, 113, 83, 79, 84),
(158, 158, 81, 89, 92, 76, 74, 79),
(159, 159, 97, 99, 103, 95, 74, 93),
(160, 160, 88, 109, 100, 117, 77, 96),
(161, 161, 78, 65, 80, 66, 65, 65),
(162, 162, 84, 81, 89, 106, 79, 82),
(163, 163, 95, 78, 113, 90, 84, 92),
(164, 164, 90, 68, 94, 76, 85, 79),
(165, 165, 87, 94, 91, 70, 118, 92),
(166, 166, 65, 94, 83, 87, 65, 70),
(167, 167, 90, 100, 125, 78, 64, 115),
(168, 168, 69, 81, 102, 101, 151, 74),
(169, 169, 67, 106, 86, 111, 88, 86),
(170, 170, 76, 75, 112, 83, 143, 98),
(171, 171, 86, 103, 78, 120, 133, 106),
(172, 172, 74, 79, 117, 116, 113, 83),
(173, 173, 76, 100, 81, 106, 170, 71),
(174, 174, 77, 78, 85, 77, 167, 125),
(175, 175, 113, 86, 119, 70, 64, 116),
(176, 176, 95, 103, 116, 75, 74, 83),
(177, 177, 66, 80, 87, 122, 98, 74),
(178, 178, 80, 106, 77, 97, 165, 84),
(179, 179, 76, 91, 86, 90, 102, 129),
(180, 180, 111, 112, 125, 73, 123, 127),
(181, 181, 102, 69, 74, 65, 91, 97),
(182, 182, 75, 109, 123, 123, 155, 115),
(183, 183, 78, 88, 86, 65, 134, 89),
(184, 184, 68, 114, 91, 75, 65, 78),
(185, 185, 104, 69, 101, 118, 123, 77),
(186, 186, 86, 75, 106, 70, 71, 83),
(187, 187, 94, 104, 91, 118, 109, 76),
(188, 188, 85, 105, 122, 65, 141, 102),
(189, 189, 104, 97, 108, 70, 147, 127),
(190, 190, 108, 104, 101, 78, 60, 97),
(191, 191, 87, 107, 67, 94, 115, 81),
(192, 192, 108, 110, 108, 125, 128, 103),
(193, 193, 98, 79, 103, 94, 88, 88),
(194, 194, 90, 71, 98, 73, 67, 122),
(195, 195, 87, 90, 116, 84, 122, 122),
(196, 196, 69, 112, 65, 76, 139, 73),
(197, 197, 113, 67, 68, 123, 158, 80),
(198, 198, 69, 98, 110, 88, 110, 96),
(199, 199, 69, 101, 105, 110, 131, 117),
(200, 200, 101, 65, 120, 76, 78, 123),
(201, 201, 90, 106, 86, 120, 67, 81),
(202, 202, 113, 110, 80, 118, 166, 127),
(203, 203, 67, 71, 88, 69, 107, 87),
(204, 204, 71, 101, 115, 94, 73, 90),
(205, 205, 107, 85, 85, 95, 148, 116),
(206, 206, 96, 75, 95, 72, 139, 86),
(207, 207, 78, 75, 77, 73, 62, 76),
(208, 208, 71, 87, 72, 116, 160, 72),
(209, 209, 66, 108, 110, 70, 121, 101),
(210, 210, 98, 90, 110, 74, 55, 112);

-- --------------------------------------------------------

--
-- Table structure for table `grades`
--

CREATE TABLE `grades` (
  `id` int(11) NOT NULL,
  `student_id` int(11) NOT NULL,
  `schoolyear` int(11) NOT NULL,
  `gwa` float NOT NULL
) ENGINE=InnoDB DEFAULT CHARSET=latin1;

--
-- Dumping data for table `grades`
--

INSERT INTO `grades` (`id`, `student_id`, `schoolyear`, `gwa`) VALUES
(1, 1, 7, 1.294),
(2, 1, 8, 3.015),
(3, 1, 10, 2.542),
(4, 1, 11, 1.822),
(5, 2, 7, 2.002),
(6, 2, 8, 3.131),
(7, 2, 9, 2.607),
(8, 2, 10, 2.583),
(9, 2, 11, 1.034),
(10, 3, 7, 2.479),
(11, 3, 8, 3.234),
(12, 3, 10, 3.055),
(13, 3, 11, 2.126),
(14, 4, 7, 2.285),
(15, 4, 8, 2.836),
(16, 4, 10, 2.688),
(17, 4, 11, 1.408),
(18, 4, 12, 1.96),
(19, 5, 7, 2.12),
(20, 5, 8, 2.939),
(21, 5, 10, 2.334),
(22, 5, 11, 2.216),
(23, 6, 7, 3.044),
(24, 6, 8, 1.527),
(25, 6, 10, 2.664),
(26, 6, 11, 2.564),
(27, 7, 7, 1.68),
(28, 7, 8, 2.995),
(29, 7, 9, 3.148),
(30, 7, 10, 2.608),
(31, 7, 11, 1.9),
(32, 8, 7, 2.478),
(33, 8, 8, 1.706),
(34, 8, 10, 3.018),
(35, 8, 11, 1.528),
(36, 8, 12, 2.367),
(37, 9, 7, 2.848),
(38, 9, 8, 1.54),
(39, 9, 9, 1.276),
(40, 9, 10, 3.082),
(41, 9, 11, 2.266),
(42, 10, 7, 2.488),
(43, 10, 8, 2.322),
(44, 10, 10, 2.691),
(45, 10, 11, 3.251),
(46, 11, 7, 2.053),
(47, 11, 8, 2.073),
(48, 11, 9, 1.285),
(49, 11, 10, 1.58),
(50, 11, 11, 3.374),
(51, 12, 7, 1.892),
(52, 12, 8, 1.885),
(53, 12, 10, 1.73),
(54, 12, 11, 1.209),
(55, 13, 7, 3.178),
(56, 13, 8, 1.119),
(57, 13, 10, 1.266),
(58, 13, 11, 2.236),
(59, 13, 12, 2.907),
(60, 14, 7, 3.282),
(61, 14, 8, 1.665),
(62, 14, 10, 3.341),
(63, 14, 11, 2.847),
(64, 15, 7, 2.726),
(65, 15, 8, 2.886),
(66, 15, 10, 1.397),
(67, 15, 11, 1.996),
(68, 16, 7, 2.675),
(69, 16, 8, 2.848),
(70, 16, 10, 2.09),
(71, 16, 11, 1.169),
(72, 16, 12, 2.499),
(73, 17, 7, 2.207),
(74, 17, 8, 1.664),
(75, 17, 9, 2.528),
(76, 17, 10, 2.699),
(77, 17, 11, 2.02),
(78, 18, 7, 3.167),
(79, 18, 8, 1.643),
(80, 18, 10, 1.657),
(81, 18, 11, 1.969),
(82, 19, 7, 2.732),
(83, 19, 8, 2.006),
(84, 19, 9, 2.305),
(85, 19, 10, 2.913),
(86, 19, 11, 1.138),
(87, 19, 12, 3.162),
(88, 20, 7, 1.831),
(89, 20, 8, 2.134),
(90, 20, 10, 3.061),
(91, 20, 11, 1.885),
(92, 21, 7, 2.212),
(93, 21, 8, 1.867),
(94, 21, 10, 3.36),
(95, 21, 11, 1.793),
(96, 22, 7, 3.389),
(97, 22, 8, 2.755),
(98, 22, 9, 2.704),
(99, 22, 10, 2.312),
(100, 22, 11, 1.799),
(101, 22, 12, 1.375),
(102, 23, 7, 3.466),
(103, 23, 8, 1.034),
(104, 23, 10, 2.531),
(105, 23, 11, 2.06),
(106, 24, 7, 1.64),
(107, 24, 8, 1.197),
(108, 24, 10, 2.866),
(109, 24, 11, 1.09),
(110, 25, 7, 1.468),
(111, 25, 8, 2.413),
(112, 25, 9, 2.23),
(113, 25, 10, 2.129),
(114, 25, 11, 2.215),
(115, 26, 7, 2.859),
(116, 26, 8, 1.131),
(117, 26, 10, 2.887),
(118, 26, 11, 1.136),
(119, 27, 7, 1.195),
(120, 27, 8, 3.224),
(121, 27, 9, 3.049),
(122, 27, 10, 1.757),
(123, 27, 11, 1.258),
(124, 28, 7, 2.795),
(125, 28, 8, 1.54),
(126, 28, 10, 2.485),
(127, 28, 11, 2.425),
(128, 28, 12, 2.883),
(129, 29, 7, 3.12),
(130, 29, 8, 1.671),
(131, 29, 10, 2.606),
(132, 29, 11, 2.87),
(133, 30, 7, 2.476),
(134, 30, 8, 1.229),
(135, 30, 10, 2.088),
(136, 30, 11, 2.025),
(137, 31, 4, 1.058),
(138, 31, 5, 2.861),
(139, 31, 6, 1.378),
(140, 31, 7, 1.493),
(141, 31, 8, 1.649),
(142, 31, 10, 3.08),
(143, 31, 11, 2.464),
(144, 31, 12, 1.85),
(145, 32, 4, 1.446),
(146, 32, 5, 2.303),
(147, 32, 7, 2.782),
(148, 32, 8, 2.896),
(149, 32, 10, 1.402),
(150, 32, 11, 3.25),
(151, 32, 12, 2.71),
(152, 33, 4, 3.443),
(153, 33, 5, 1.607),
(154, 33, 7, 3.13),
(155, 33, 8, 1.193),
(156, 33, 9, 1.187),
(157, 33, 10, 2.804),
(158, 33, 11, 2.094),
(159, 33, 12, 3.429),
(160, 34, 4, 3.489),
(161, 34, 5, 3.241),
(162, 34, 7, 2.084),
(163, 34, 8, 2.51),
(164, 34, 10, 2.968),
(165, 34, 11, 3.419),
(166, 34, 12, 1.469),
(167, 35, 4, 2.45),
(168, 35, 5, 1.291),
(169, 35, 6, 3.024),
(170, 35, 7, 1.597),
(171, 35, 8, 1.004),
(172, 35, 10, 3.273),
(173, 35, 11, 1.19),
(174, 35, 12, 1.096),
(175, 36, 4, 2.468),
(176, 36, 5, 1.8),
(177, 36, 7, 2.411),
(178, 36, 8, 3.493),
(179, 36, 10, 1.241),
(180, 36, 11, 1.22),
(181, 36, 12, 2.536),
(182, 37, 4, 1.118),
(183, 37, 5, 1.991),
(184, 37, 6, 3.39),
(185, 37, 7, 1.693),
(186, 37, 8, 1.946),
(187, 37, 10, 2.89),
(188, 37, 11, 2.29),
(189, 37, 12, 3.087),
(190, 38, 4, 1.409),
(191, 38, 5, 1.506),
(192, 38, 7, 2.3),
(193, 38, 8, 1.736),
(194, 38, 9, 3.249),
(195, 38, 10, 3.039),
(196, 38, 11, 1.647),
(197, 38, 12, 2.563),
(198, 39, 4, 1.283),
(199, 39, 5, 1.102),
(200, 39, 6, 2.475),
(201, 39, 7, 2.715),
(202, 39, 8, 2.738),
(203, 39, 10, 1.332),
(204, 39, 11, 1.299),
(205, 39, 12, 2.353),
(206, 40, 4, 3.13),
(207, 40, 5, 1.391),
(208, 40, 7, 2.96),
(209, 40, 8, 1.178),
(210, 40, 10, 2.922),
(211, 40, 11, 1.34),
(212, 40, 12, 1.703),
(213, 41, 4, 1.3),
(214, 41, 5, 2.507),
(215, 41, 7, 1.143),
(216, 41, 8, 2.46),
(217, 41, 10, 3.369),
(218, 41, 11, 1.564),
(219, 41, 12, 2.722),
(220, 42, 4, 1.379),
(221, 42, 5, 1.083),
(222, 42, 6, 1.547),
(223, 42, 7, 2.456),
(224, 42, 8, 2.322),
(225, 42, 10, 1.848),
(226, 42, 11, 2.273),
(227, 42, 12, 1.65),
(228, 43, 4, 2.218),
(229, 43, 5, 3.105),
(230, 43, 7, 1.899),
(231, 43, 8, 2.797),
(232, 43, 9, 2.683),
(233, 43, 10, 2.326),
(234, 43, 11, 3.276),
(235, 43, 12, 1.885),
(236, 44, 4, 3.272),
(237, 44, 5, 2.694),
(238, 44, 7, 2.829),
(239, 44, 8, 3.24),
(240, 44, 10, 1.317),
(241, 44, 11, 2.815),
(242, 44, 12, 1.93),
(243, 45, 4, 1.027),
(244, 45, 5, 3.135),
(245, 45, 6, 2.319),
(246, 45, 7, 3.31),
(247, 45, 8, 2.979),
(248, 45, 10, 1.965),
(249, 45, 11, 3.037),
(250, 45, 12, 1.816),
(251, 46, 4, 2.609),
(252, 46, 5, 3.492),
(253, 46, 7, 1.357),
(254, 46, 8, 1.05),
(255, 46, 9, 1.915),
(256, 46, 10, 3.166),
(257, 46, 11, 2.71),
(258, 46, 12, 1.097),
(259, 47, 4, 1.15),
(260, 47, 5, 2.65),
(261, 47, 7, 3.166),
(262, 47, 8, 1.1),
(263, 47, 10, 2.565),
(264, 47, 11, 3.433),
(265, 47, 12, 2.585),
(266, 48, 4, 1.805),
(267, 48, 5, 2.968),
(268, 48, 7, 1.718),
(269, 48, 8, 1.512),
(270, 48, 10, 1.037),
(271, 48, 11, 3.026),
(272, 48, 12, 1.519),
(273, 49, 4, 2.621),
(274, 49, 5, 1.428),
(275, 49, 7, 1.64),
(276, 49, 8, 2.086),
(277, 49, 9, 3.114),
(278, 49, 10, 1.204),
(279, 49, 11, 3.392),
(280, 49, 12, 2.309),
(281, 50, 4, 1.344),
(282, 50, 5, 2.224),
(283, 50, 7, 1.912),
(284, 50, 8, 2.014),
(285, 50, 10, 1.248),
(286, 50, 11, 2.859),
(287, 50, 12, 2.073),
(288, 51, 4, 2.127),
(289, 51, 5, 2.687),
(290, 51, 6, 3.371),
(291, 51, 7, 2.802),
(292, 51, 8, 2.664),
(293, 51, 10, 3.225),
(294, 51, 11, 1.052),
(295, 51, 12, 3.264),
(296, 52, 4, 3.191),
(297, 52, 5, 1.106),
(298, 52, 7, 2.443),
(299, 52, 8, 2.001),
(300, 52, 10, 1.711),
(301, 52, 11, 2.134),
(302, 52, 12, 1.434),
(303, 53, 4, 3.185),
(304, 53, 5, 1.11),
(305, 53, 7, 2.654),
(306, 53, 8, 2.593),
(307, 53, 10, 2.727),
(308, 53, 11, 1.173),
(309, 53, 12, 3.287),
(310, 54, 4, 2.599),
(311, 54, 5, 3.254),
(312, 54, 7, 1.127),
(313, 54, 8, 2.721),
(314, 54, 10, 2.938),
(315, 54, 11, 2.729),
(316, 54, 12, 1.771),
(317, 55, 4, 2.166),
(318, 55, 5, 1.207),
(319, 55, 7, 1.875),
(320, 55, 8, 1.696),
(321, 55, 9, 1.725),
(322, 55, 10, 2.141),
(323, 55, 11, 2.929),
(324, 55, 12, 3.365),
(325, 56, 4, 1.957),
(326, 56, 5, 2.507),
(327, 56, 7, 1.312),
(328, 56, 8, 1.338),
(329, 56, 10, 3.336),
(330, 56, 11, 2.719),
(331, 56, 12, 1.252),
(332, 57, 4, 1.347),
(333, 57, 5, 2.003),
(334, 57, 6, 3.015),
(335, 57, 7, 2.788),
(336, 57, 8, 1.652),
(337, 57, 10, 1.639),
(338, 57, 11, 1.554),
(339, 57, 12, 1.56),
(340, 58, 4, 2.17),
(341, 58, 5, 1.814),
(342, 58, 7, 2.97),
(343, 58, 8, 3.291),
(344, 58, 10, 2.197),
(345, 58, 11, 1.253),
(346, 58, 12, 3.118),
(347, 59, 4, 1.596),
(348, 59, 5, 1.67),
(349, 59, 7, 3.308),
(350, 59, 8, 2.739),
(351, 59, 10, 1.733),
(352, 59, 11, 2.195),
(353, 59, 12, 2.11),
(354, 60, 4, 1.663),
(355, 60, 5, 2.94),
(356, 60, 7, 3.262),
(357, 60, 8, 2.564),
(358, 60, 9, 1.068),
(359, 60, 10, 2.588),
(360, 60, 11, 1.668),
(361, 60, 12, 2.315),
(362, 61, 1, 3.397),
(363, 61, 2, 2.284),
(364, 61, 4, 2.635),
(365, 61, 5, 1.73),
(366, 61, 7, 3.374),
(367, 61, 8, 1.908),
(368, 61, 9, 2.126),
(369, 61, 10, 1.1),
(370, 61, 11, 3.141),
(371, 62, 1, 3.486),
(372, 62, 2, 3.093),
(373, 62, 4, 3.443),
(374, 62, 5, 3.05),
(375, 62, 7, 3.216),
(376, 62, 8, 2.483),
(377, 62, 9, 2.553),
(378, 62, 10, 1.42),
(379, 62, 11, 1.957),
(380, 63, 1, 2.086),
(381, 63, 2, 1.711),
(382, 63, 4, 3.271),
(383, 63, 5, 2.187),
(384, 63, 6, 1.679),
(385, 63, 7, 2.268),
(386, 63, 8, 2.967),
(387, 63, 9, 2.932),
(388, 63, 10, 2.786),
(389, 63, 11, 3.15),
(390, 64, 1, 3.072),
(391, 64, 2, 2.147),
(392, 64, 4, 1.598),
(393, 64, 5, 3.074),
(394, 64, 7, 2.642),
(395, 64, 8, 1.683),
(396, 64, 9, 1.154),
(397, 64, 10, 2.722),
(398, 64, 11, 3.377),
(399, 65, 1, 2.836),
(400, 65, 2, 1.514),
(401, 65, 4, 1.616),
(402, 65, 5, 3.229),
(403, 65, 7, 2.151),
(404, 65, 8, 2.717),
(405, 65, 9, 1.769),
(406, 65, 10, 1.466),
(407, 65, 11, 2.47),
(408, 66, 1, 2.896),
(409, 66, 2, 1.77),
(410, 66, 4, 2.839),
(411, 66, 5, 1.051),
(412, 66, 6, 1.09),
(413, 66, 7, 1.331),
(414, 66, 8, 2.887),
(415, 66, 9, 1.899),
(416, 66, 10, 2.973),
(417, 66, 11, 2.138),
(418, 67, 1, 1.676),
(419, 67, 2, 1.98),
(420, 67, 4, 2.25),
(421, 67, 5, 2.756),
(422, 67, 7, 1.589),
(423, 67, 8, 2.544),
(424, 67, 9, 1.652),
(425, 67, 10, 2.907),
(426, 67, 11, 2.488),
(427, 68, 1, 2.502),
(428, 68, 2, 1.949),
(429, 68, 4, 2.979),
(430, 68, 5, 2.058),
(431, 68, 7, 1.254),
(432, 68, 8, 2.99),
(433, 68, 9, 1.477),
(434, 68, 10, 2.029),
(435, 68, 11, 1.79),
(436, 69, 1, 2.356),
(437, 69, 2, 2.359),
(438, 69, 4, 2.34),
(439, 69, 5, 1.629),
(440, 69, 6, 2.483),
(441, 69, 7, 3.331),
(442, 69, 8, 3.129),
(443, 69, 9, 1.416),
(444, 69, 10, 2.381),
(445, 69, 11, 2.868),
(446, 70, 1, 2.592),
(447, 70, 2, 1.794),
(448, 70, 4, 3.387),
(449, 70, 5, 3.282),
(450, 70, 7, 2.882),
(451, 70, 8, 2.066),
(452, 70, 9, 2.225),
(453, 70, 10, 1.591),
(454, 70, 11, 1.504),
(455, 71, 1, 1.537),
(456, 71, 2, 1.458),
(457, 71, 4, 2.975),
(458, 71, 5, 3.137),
(459, 71, 7, 1.641),
(460, 71, 8, 2.985),
(461, 71, 9, 2.697),
(462, 71, 10, 2.762),
(463, 71, 11, 2.747),
(464, 72, 1, 3.256),
(465, 72, 2, 2.855),
(466, 72, 4, 2.329),
(467, 72, 5, 1.575),
(468, 72, 7, 2.66),
(469, 72, 8, 1.455),
(470, 72, 9, 2.723),
(471, 72, 10, 1.07),
(472, 72, 11, 2.337),
(473, 73, 1, 3.393),
(474, 73, 2, 1.053),
(475, 73, 4, 2.478),
(476, 73, 5, 1.142),
(477, 73, 6, 1.159),
(478, 73, 7, 3.05),
(479, 73, 8, 2.499),
(480, 73, 9, 1.719),
(481, 73, 10, 3.095),
(482, 73, 11, 2.61),
(483, 74, 1, 3.085),
(484, 74, 2, 3.352),
(485, 74, 4, 1.239),
(486, 74, 5, 2.126),
(487, 74, 7, 2.477),
(488, 74, 8, 3.216),
(489, 74, 9, 2.785),
(490, 74, 10, 3.494),
(491, 74, 11, 2.174),
(492, 75, 1, 3.474),
(493, 75, 2, 3.458),
(494, 75, 4, 1.052),
(495, 75, 5, 2.982),
(496, 75, 6, 1.379),
(497, 75, 7, 1.293),
(498, 75, 8, 2.984),
(499, 75, 9, 3.192),
(500, 75, 10, 1.991),
(501, 75, 11, 1.316),
(502, 76, 1, 2.499),
(503, 76, 2, 2.512),
(504, 76, 4, 3.488),
(505, 76, 5, 3.105),
(506, 76, 6, 3.205),
(507, 76, 7, 2.788),
(508, 76, 8, 2.95),
(509, 76, 9, 1.403),
(510, 76, 10, 1.184),
(511, 76, 11, 1.79),
(512, 77, 1, 1.851),
(513, 77, 2, 2.988),
(514, 77, 4, 1.5),
(515, 77, 5, 3.025),
(516, 77, 7, 3.283),
(517, 77, 8, 2.335),
(518, 77, 9, 3.481),
(519, 77, 10, 2.256),
(520, 77, 11, 3.111),
(521, 78, 1, 1.423),
(522, 78, 2, 3.245),
(523, 78, 4, 1.308),
(524, 78, 5, 1.356),
(525, 78, 7, 2.326),
(526, 78, 8, 3.229),
(527, 78, 9, 2.607),
(528, 78, 10, 2.208),
(529, 78, 11, 3.149),
(530, 79, 1, 2.005),
(531, 79, 2, 1.366),
(532, 79, 4, 2.995),
(533, 79, 5, 1.789),
(534, 79, 7, 2.434),
(535, 79, 8, 2.203),
(536, 79, 9, 1.429),
(537, 79, 10, 1.47),
(538, 79, 11, 2.64),
(539, 80, 1, 3.217),
(540, 80, 2, 1.116),
(541, 80, 4, 3.114),
(542, 80, 5, 2.713),
(543, 80, 7, 2.656),
(544, 80, 8, 3.4),
(545, 80, 9, 2.106),
(546, 80, 10, 2),
(547, 80, 11, 1.484),
(548, 81, 1, 2.236),
(549, 81, 2, 1.844),
(550, 81, 4, 1.063),
(551, 81, 5, 2.24),
(552, 81, 7, 2.593),
(553, 81, 8, 3.323),
(554, 81, 9, 2.827),
(555, 81, 10, 2.772),
(556, 81, 11, 2.883),
(557, 82, 1, 1.187),
(558, 82, 2, 3.014),
(559, 82, 4, 1.384),
(560, 82, 5, 3.49),
(561, 82, 6, 1.333),
(562, 82, 7, 1.873),
(563, 82, 8, 1.513),
(564, 82, 9, 3.443),
(565, 82, 10, 2.144),
(566, 82, 11, 1.952),
(567, 83, 1, 2.993),
(568, 83, 2, 1.098),
(569, 83, 4, 1.188),
(570, 83, 5, 2.12),
(571, 83, 7, 3.091),
(572, 83, 8, 3.265),
(573, 83, 9, 1.358),
(574, 83, 10, 1.232),
(575, 83, 11, 1.915),
(576, 84, 1, 3.491),
(577, 84, 2, 2.515),
(578, 84, 4, 1.521),
(579, 84, 5, 1.016),
(580, 84, 7, 1.697),
(581, 84, 8, 1.25),
(582, 84, 9, 1.943),
(583, 84, 10, 2.024),
(584, 84, 11, 1.326),
(585, 85, 1, 1.452),
(586, 85, 2, 1.58),
(587, 85, 4, 1.129),
(588, 85, 5, 3.407),
(589, 85, 7, 2.139),
(590, 85, 8, 1.542),
(591, 85, 9, 3.188),
(592, 85, 10, 1.029),
(593, 85, 11, 1.178),
(594, 86, 1, 1.751),
(595, 86, 2, 3.346),
(596, 86, 4, 2.809),
(597, 86, 5, 2.652),
(598, 86, 7, 2.089),
(599, 86, 8, 1.906),
(600, 86, 9, 2.309),
(601, 86, 10, 2.078),
(602, 86, 11, 2.296),
(603, 87, 1, 1.491),
(604, 87, 2, 2.663),
(605, 87, 4, 1.636),
(606, 87, 5, 3.205),
(607, 87, 6, 2.506),
(608, 87, 7, 3.264),
(609, 87, 8, 2.269),
(610, 87, 9, 1.359),
(611, 87, 10, 2.497),
(612, 87, 11, 1.543),
(613, 88, 1, 3.409),
(614, 88, 2, 2.315),
(615, 88, 4, 2.956),
(616, 88, 5, 2.752),
(617, 88, 7, 1.305),
(618, 88, 8, 2.656),
(619, 88, 9, 2.528),
(620, 88, 10, 2.771),
(621, 88, 11, 2.748),
(622, 89, 1, 2.773),
(623, 89, 2, 1.483),
(624, 89, 4, 2.315),
(625, 89, 5, 1.795),
(626, 89, 7, 1.531),
(627, 89, 8, 2.385),
(628, 89, 9, 2.789),
(629, 89, 10, 2.78),
(630, 89, 11, 1.369),
(631, 90, 1, 2.458),
(632, 90, 2, 1.389),
(633, 90, 4, 3.241),
(634, 90, 5, 1.61),
(635, 90, 7, 1.686),
(636, 90, 8, 2.903),
(637, 90, 9, 2.947),
(638, 90, 10, 3.205),
(639, 90, 11, 1.261),
(640, 91, 7, 2.112),
(641, 91, 8, 1.427),
(642, 91, 10, 1.309),
(643, 91, 11, 1.624),
(644, 92, 7, 3.074),
(645, 92, 8, 2.492),
(646, 92, 10, 1.681),
(647, 92, 11, 3.151),
(648, 93, 7, 1.074),
(649, 93, 8, 2.682),
(650, 93, 10, 1.799),
(651, 93, 11, 2.616),
(652, 94, 7, 2.572),
(653, 94, 8, 3.496),
(654, 94, 9, 1.39),
(655, 94, 10, 2.729),
(656, 94, 11, 2.494),
(657, 94, 12, 3.376),
(658, 95, 7, 3.211),
(659, 95, 8, 3.048),
(660, 95, 10, 2.614),
(661, 95, 11, 2.335),
(662, 96, 7, 3.171),
(663, 96, 8, 3.487),
(664, 96, 10, 2.706),
(665, 96, 11, 2.437),
(666, 97, 7, 2.192),
(667, 97, 8, 3.33),
(668, 97, 10, 3.397),
(669, 97, 11, 2.482),
(670, 97, 12, 2.122),
(671, 98, 7, 2.997),
(672, 98, 8, 3.16),
(673, 98, 10, 2.107),
(674, 98, 11, 3.325),
(675, 99, 7, 1.504),
(676, 99, 8, 2.582),
(677, 99, 10, 1.342),
(678, 99, 11, 3.498),
(679, 100, 7, 1.187),
(680, 100, 8, 1.078),
(681, 100, 9, 3.07),
(682, 100, 10, 1.113),
(683, 100, 11, 2.855),
(684, 101, 7, 1.825),
(685, 101, 8, 2.804),
(686, 101, 10, 3.477),
(687, 101, 11, 2.888),
(688, 102, 7, 2.432),
(689, 102, 8, 1.297),
(690, 102, 10, 3.114),
(691, 102, 11, 2.875),
(692, 102, 12, 2.47),
(693, 103, 7, 1.802),
(694, 103, 8, 2.249),
(695, 103, 9, 3.214),
(696, 103, 10, 1.113),
(697, 103, 11, 1.468),
(698, 104, 7, 2.096),
(699, 104, 8, 2.012),
(700, 104, 10, 1.796),
(701, 104, 11, 1.418),
(702, 105, 7, 1.439),
(703, 105, 8, 1.346),
(704, 105, 10, 1.157),
(705, 105, 11, 1.224),
(706, 106, 7, 1.09),
(707, 106, 8, 2.367),
(708, 106, 9, 2.9),
(709, 106, 10, 1.293),
(710, 106, 11, 2.955),
(711, 107, 7, 1.197),
(712, 107, 8, 1.182),
(713, 107, 10, 1.356),
(714, 107, 11, 2.328),
(715, 108, 7, 2.973),
(716, 108, 8, 3.236),
(717, 108, 10, 2.049),
(718, 108, 11, 3.435),
(719, 108, 12, 1.801),
(720, 109, 7, 3.462),
(721, 109, 8, 1.981),
(722, 109, 9, 2.129),
(723, 109, 10, 2.613),
(724, 109, 11, 2.638),
(725, 110, 7, 2.21),
(726, 110, 8, 1.204),
(727, 110, 10, 3.108),
(728, 110, 11, 1.863),
(729, 111, 7, 1.557),
(730, 111, 8, 3.243),
(731, 111, 10, 2.428),
(732, 111, 11, 2.008),
(733, 111, 12, 1.117),
(734, 112, 7, 1.526),
(735, 112, 8, 2.586),
(736, 112, 10, 2.57),
(737, 112, 11, 1.532),
(738, 112, 12, 1.028),
(739, 113, 7, 2.97),
(740, 113, 8, 1.796),
(741, 113, 9, 3.382),
(742, 113, 10, 1.976),
(743, 113, 11, 1.64),
(744, 114, 7, 1.855),
(745, 114, 8, 3.018),
(746, 114, 10, 2.575),
(747, 114, 11, 1.4),
(748, 115, 7, 2.874),
(749, 115, 8, 2.644),
(750, 115, 10, 3.018),
(751, 115, 11, 2.85),
(752, 116, 7, 2.018),
(753, 116, 8, 2.172),
(754, 116, 9, 2.376),
(755, 116, 10, 2.607),
(756, 116, 11, 1.361),
(757, 116, 12, 3.372),
(758, 117, 7, 1.782),
(759, 117, 8, 1.511),
(760, 117, 10, 1.091),
(761, 117, 11, 1.532),
(762, 118, 7, 3.146),
(763, 118, 8, 1.044),
(764, 118, 10, 1.24),
(765, 118, 11, 2.41),
(766, 119, 7, 1.051),
(767, 119, 8, 1.536),
(768, 119, 10, 1.394),
(769, 119, 11, 1.904),
(770, 120, 7, 1.374),
(771, 120, 8, 3.217),
(772, 120, 10, 3.157),
(773, 120, 11, 2.842),
(774, 120, 12, 3.408),
(775, 121, 7, 2.461),
(776, 121, 8, 2.759),
(777, 121, 9, 2.052),
(778, 121, 10, 3.248),
(779, 121, 11, 2.629),
(780, 122, 7, 3.082),
(781, 122, 8, 1.074),
(782, 122, 10, 2.251),
(783, 122, 11, 2.273),
(784, 123, 7, 1.478),
(785, 123, 8, 1.346),
(786, 123, 10, 3.309),
(787, 123, 11, 1.522),
(788, 124, 7, 2.246),
(789, 124, 8, 2.247),
(790, 124, 9, 1.974),
(791, 124, 10, 3.496),
(792, 124, 11, 1.566),
(793, 125, 7, 1.116),
(794, 125, 8, 1.364),
(795, 125, 10, 1.697),
(796, 125, 11, 1.009),
(797, 126, 7, 3.404),
(798, 126, 8, 2.004),
(799, 126, 10, 3.317),
(800, 126, 11, 2.182),
(801, 127, 7, 2.374),
(802, 127, 8, 2.495),
(803, 127, 9, 2.878),
(804, 127, 10, 3.014),
(805, 127, 11, 1.092),
(806, 128, 7, 1.107),
(807, 128, 8, 2.056),
(808, 128, 10, 2.269),
(809, 128, 11, 2.361),
(810, 129, 7, 2.859),
(811, 129, 8, 2.103),
(812, 129, 10, 2.949),
(813, 129, 11, 2.982),
(814, 129, 12, 2.65),
(815, 130, 7, 2.587),
(816, 130, 8, 1.387),
(817, 130, 10, 1.295),
(818, 130, 11, 2.671),
(819, 131, 4, 2.832),
(820, 131, 5, 2.094),
(821, 131, 7, 2.521),
(822, 131, 8, 2.931),
(823, 131, 10, 2.716),
(824, 131, 11, 2.289),
(825, 131, 12, 3.468),
(826, 132, 4, 1.778),
(827, 132, 5, 1.856),
(828, 132, 6, 1.739),
(829, 132, 7, 3.07),
(830, 132, 8, 3.458),
(831, 132, 10, 3.029),
(832, 132, 11, 2.854),
(833, 132, 12, 2.082),
(834, 133, 4, 1.969),
(835, 133, 5, 3.151),
(836, 133, 7, 1.064),
(837, 133, 8, 1.352),
(838, 133, 10, 2.28),
(839, 133, 11, 2.234),
(840, 133, 12, 2.95),
(841, 134, 4, 2.606),
(842, 134, 5, 1.802),
(843, 134, 7, 2.682),
(844, 134, 8, 1.617),
(845, 134, 9, 2.113),
(846, 134, 10, 1.361),
(847, 134, 11, 2.096),
(848, 134, 12, 2.965),
(849, 135, 4, 3.438),
(850, 135, 5, 1.791),
(851, 135, 7, 2.697),
(852, 135, 8, 2.263),
(853, 135, 10, 1.146),
(854, 135, 11, 2.483),
(855, 135, 12, 2.317),
(856, 136, 4, 1.431),
(857, 136, 5, 1.084),
(858, 136, 6, 3.159),
(859, 136, 7, 1.034),
(860, 136, 8, 1.906),
(861, 136, 10, 1.319),
(862, 136, 11, 3.328),
(863, 136, 12, 1.658),
(864, 137, 4, 2.748),
(865, 137, 5, 2.711),
(866, 137, 7, 1.528),
(867, 137, 8, 2.005),
(868, 137, 10, 2.796),
(869, 137, 11, 1.128),
(870, 137, 12, 2.502),
(871, 138, 4, 1.918),
(872, 138, 5, 1.406),
(873, 138, 7, 3.015),
(874, 138, 8, 1.781),
(875, 138, 10, 1.179),
(876, 138, 11, 1.048),
(877, 138, 12, 3.371),
(878, 139, 4, 2.772),
(879, 139, 5, 1.256),
(880, 139, 7, 2.149),
(881, 139, 8, 1.691),
(882, 139, 10, 1.236),
(883, 139, 11, 3.017),
(884, 139, 12, 1.516),
(885, 140, 4, 1.592),
(886, 140, 5, 1.602),
(887, 140, 7, 2.932),
(888, 140, 8, 2.571),
(889, 140, 9, 1.252),
(890, 140, 10, 2.86),
(891, 140, 11, 2.855),
(892, 140, 12, 3.242),
(893, 141, 4, 2.865),
(894, 141, 5, 1.342),
(895, 141, 7, 1.286),
(896, 141, 8, 3.476),
(897, 141, 10, 1.993),
(898, 141, 11, 1.697),
(899, 141, 12, 3.117),
(900, 142, 4, 3.142),
(901, 142, 5, 3.308),
(902, 142, 6, 2.254),
(903, 142, 7, 3.096),
(904, 142, 8, 3.28),
(905, 142, 9, 1.965),
(906, 142, 10, 2.06),
(907, 142, 11, 1.479),
(908, 142, 12, 2.321),
(909, 143, 4, 1.649),
(910, 143, 5, 1.791),
(911, 143, 7, 2.944),
(912, 143, 8, 2.214),
(913, 143, 10, 1.248),
(914, 143, 11, 2.566),
(915, 143, 12, 3.171),
(916, 144, 4, 3.3),
(917, 144, 5, 1.171),
(918, 144, 7, 2.943),
(919, 144, 8, 1.464),
(920, 144, 10, 1.401),
(921, 144, 11, 3.139),
(922, 144, 12, 2.506),
(923, 145, 4, 3.488),
(924, 145, 5, 2.759),
(925, 145, 6, 3.26),
(926, 145, 7, 1.602),
(927, 145, 8, 3.373),
(928, 145, 10, 3.335),
(929, 145, 11, 1.322),
(930, 145, 12, 2.234),
(931, 146, 4, 1.644),
(932, 146, 5, 3.081),
(933, 146, 7, 3.444),
(934, 146, 8, 1.841),
(935, 146, 10, 1.479),
(936, 146, 11, 2.455),
(937, 146, 12, 1.117),
(938, 147, 4, 2.069),
(939, 147, 5, 2.693),
(940, 147, 7, 1.431),
(941, 147, 8, 1.215),
(942, 147, 9, 1.682),
(943, 147, 10, 1.109),
(944, 147, 11, 3.11),
(945, 147, 12, 1.498),
(946, 148, 4, 3.295),
(947, 148, 5, 1.384),
(948, 148, 6, 1.646),
(949, 148, 7, 3.129),
(950, 148, 8, 2.563),
(951, 148, 10, 2.465),
(952, 148, 11, 1.963),
(953, 148, 12, 3.188),
(954, 149, 4, 1.155),
(955, 149, 5, 2.376),
(956, 149, 7, 2.145),
(957, 149, 8, 1.158),
(958, 149, 10, 1.976),
(959, 149, 11, 1.343),
(960, 149, 12, 2.658),
(961, 150, 4, 1.862),
(962, 150, 5, 3.263),
(963, 150, 7, 3.471),
(964, 150, 8, 1.633),
(965, 150, 10, 1.518),
(966, 150, 11, 3.411),
(967, 150, 12, 1.136),
(968, 151, 4, 1.272),
(969, 151, 5, 1.914),
(970, 151, 7, 1.493),
(971, 151, 8, 1.388),
(972, 151, 10, 2.795),
(973, 151, 11, 2.866),
(974, 151, 12, 2.042),
(975, 152, 4, 2.59),
(976, 152, 5, 1.062),
(977, 152, 6, 3.238),
(978, 152, 7, 2.996),
(979, 152, 8, 2.486),
(980, 152, 10, 3.088),
(981, 152, 11, 2.303),
(982, 152, 12, 2.115),
(983, 153, 4, 2.769),
(984, 153, 5, 3.437),
(985, 153, 7, 2.872),
(986, 153, 8, 1.998),
(987, 153, 10, 3.325),
(988, 153, 11, 1.651),
(989, 153, 12, 1.825),
(990, 154, 4, 2.509),
(991, 154, 5, 3.069),
(992, 154, 7, 3.324),
(993, 154, 8, 1.407),
(994, 154, 10, 1.268),
(995, 154, 11, 2.525),
(996, 154, 12, 2.57),
(997, 155, 4, 3.088),
(998, 155, 5, 3.127),
(999, 155, 7, 1.804),
(1000, 155, 8, 3.004),
(1001, 155, 9, 1.952),
(1002, 155, 10, 2.799),
(1003, 155, 11, 1.743),
(1004, 155, 12, 1.69),
(1005, 156, 4, 2.056),
(1006, 156, 5, 3.465),
(1007, 156, 6, 3.484),
(1008, 156, 7, 1.229),
(1009, 156, 8, 2.64),
(1010, 156, 10, 3.363),
(1011, 156, 11, 2.63),
(1012, 156, 12, 1.879),
(1013, 157, 4, 2.503),
(1014, 157, 5, 1.998),
(1015, 157, 7, 3.394),
(1016, 157, 8, 1.777),
(1017, 157, 10, 2.61),
(1018, 157, 11, 2.728),
(1019, 157, 12, 1.847),
(1020, 158, 4, 1.383),
(1021, 158, 5, 2.771),
(1022, 158, 7, 3.277),
(1023, 158, 8, 1.585),
(1024, 158, 9, 2.333),
(1025, 158, 10, 1.02),
(1026, 158, 11, 3.125),
(1027, 158, 12, 1.229),
(1028, 159, 4, 1.413),
(1029, 159, 5, 1.558),
(1030, 159, 7, 1.582),
(1031, 159, 8, 2.951),
(1032, 159, 10, 3.075),
(1033, 159, 11, 3.233),
(1034, 159, 12, 2.012),
(1035, 160, 4, 3.066),
(1036, 160, 5, 2.573),
(1037, 160, 6, 3.045),
(1038, 160, 7, 3.185),
(1039, 160, 8, 1.363),
(1040, 160, 10, 2.612),
(1041, 160, 11, 1.837),
(1042, 160, 12, 3.338),
(1043, 161, 4, 2.599),
(1044, 161, 5, 1.064),
(1045, 161, 7, 1.218),
(1046, 161, 8, 3.368),
(1047, 161, 10, 1.193),
(1048, 161, 11, 2.717),
(1049, 161, 12, 1.792),
(1050, 162, 4, 1.389),
(1051, 162, 5, 1.17),
(1052, 162, 7, 2.04),
(1053, 162, 8, 1.851),
(1054, 162, 10, 1.159),
(1055, 162, 11, 1.398),
(1056, 162, 12, 1.535),
(1057, 163, 4, 2.421),
(1058, 163, 5, 1.223),
(1059, 163, 7, 1.21),
(1060, 163, 8, 1.343),
(1061, 163, 9, 1.11),
(1062, 163, 10, 1.194),
(1063, 163, 11, 3.127),
(1064, 163, 12, 2.277),
(1065, 164, 4, 2.268),
(1066, 164, 5, 1.685),
(1067, 164, 6, 3.39),
(1068, 164, 7, 2.946),
(1069, 164, 8, 1.225),
(1070, 164, 9, 2.308),
(1071, 164, 10, 1.496),
(1072, 164, 11, 2.167),
(1073, 164, 12, 1.077),
(1074, 165, 4, 1.494),
(1075, 165, 5, 1.43),
(1076, 165, 7, 3.028),
(1077, 165, 8, 2.215),
(1078, 165, 10, 2.778),
(1079, 165, 11, 2.872),
(1080, 165, 12, 1.87),
(1081, 166, 4, 2.325),
(1082, 166, 5, 2.123),
(1083, 166, 7, 2.83),
(1084, 166, 8, 3.091),
(1085, 166, 10, 1.786),
(1086, 166, 11, 3.491),
(1087, 166, 12, 2.645),
(1088, 167, 4, 2.227),
(1089, 167, 5, 2.343),
(1090, 167, 7, 1.34),
(1091, 167, 8, 3.411),
(1092, 167, 10, 1.204),
(1093, 167, 11, 3.024),
(1094, 167, 12, 2.447),
(1095, 168, 4, 1.237),
(1096, 168, 5, 2.692),
(1097, 168, 7, 1.371),
(1098, 168, 8, 2.429),
(1099, 168, 10, 1.832),
(1100, 168, 11, 2.484),
(1101, 168, 12, 2.443),
(1102, 169, 4, 1.479),
(1103, 169, 5, 2.346),
(1104, 169, 6, 3.062),
(1105, 169, 7, 3.432),
(1106, 169, 8, 2.44),
(1107, 169, 9, 1.167),
(1108, 169, 10, 1.235),
(1109, 169, 11, 3.482),
(1110, 169, 12, 1.697),
(1111, 170, 4, 1.344),
(1112, 170, 5, 3.414),
(1113, 170, 7, 3.112),
(1114, 170, 8, 2.891),
(1115, 170, 10, 2.573),
(1116, 170, 11, 3.416),
(1117, 170, 12, 1.7),
(1118, 171, 1, 2.43),
(1119, 171, 2, 1.409),
(1120, 171, 4, 2.664),
(1121, 171, 5, 2.672),
(1122, 171, 6, 2.767),
(1123, 171, 7, 3.078),
(1124, 171, 8, 2.874),
(1125, 171, 9, 2.091),
(1126, 171, 10, 1.88),
(1127, 171, 11, 1.359),
(1128, 172, 1, 1.955),
(1129, 172, 2, 3.069),
(1130, 172, 4, 1.464),
(1131, 172, 5, 2.765),
(1132, 172, 7, 3.173),
(1133, 172, 8, 1.215),
(1134, 172, 9, 2.984),
(1135, 172, 10, 2.404),
(1136, 172, 11, 2.154),
(1137, 173, 1, 2.175),
(1138, 173, 2, 1.524),
(1139, 173, 4, 2.959),
(1140, 173, 5, 2.366),
(1141, 173, 7, 3.497),
(1142, 173, 8, 1.645),
(1143, 173, 9, 3.324),
(1144, 173, 10, 3.018),
(1145, 173, 11, 1.139),
(1146, 174, 1, 2.566),
(1147, 174, 2, 3.382),
(1148, 174, 3, 2.661),
(1149, 174, 4, 2.538),
(1150, 174, 5, 1.955),
(1151, 174, 7, 1.506),
(1152, 174, 8, 1.491),
(1153, 174, 9, 1.98),
(1154, 174, 10, 1.075),
(1155, 174, 11, 2.646),
(1156, 175, 1, 1.859),
(1157, 175, 2, 2.591),
(1158, 175, 4, 1.034),
(1159, 175, 5, 2.597),
(1160, 175, 7, 2.219),
(1161, 175, 8, 1.179),
(1162, 175, 9, 2.337),
(1163, 175, 10, 2.67),
(1164, 175, 11, 2.396),
(1165, 176, 1, 3.174),
(1166, 176, 2, 2.891),
(1167, 176, 3, 3.029),
(1168, 176, 4, 2.715),
(1169, 176, 5, 1.468),
(1170, 176, 7, 1.456),
(1171, 176, 8, 1.782),
(1172, 176, 9, 2.93),
(1173, 176, 10, 1.809),
(1174, 176, 11, 2.615),
(1175, 177, 1, 3.391),
(1176, 177, 2, 1.303),
(1177, 177, 4, 1.364),
(1178, 177, 5, 2.161),
(1179, 177, 7, 2.885),
(1180, 177, 8, 1.065),
(1181, 177, 9, 1.752),
(1182, 177, 10, 2.612),
(1183, 177, 11, 1.158),
(1184, 178, 1, 2.387),
(1185, 178, 2, 2.823),
(1186, 178, 3, 2.868),
(1187, 178, 4, 2.607),
(1188, 178, 5, 3.471),
(1189, 178, 6, 3.039),
(1190, 178, 7, 1.371),
(1191, 178, 8, 1.065),
(1192, 178, 9, 2.376),
(1193, 178, 10, 1.45),
(1194, 178, 11, 3.418),
(1195, 179, 1, 1.014),
(1196, 179, 2, 2.487),
(1197, 179, 4, 1.016),
(1198, 179, 5, 2.809),
(1199, 179, 7, 1.357),
(1200, 179, 8, 2.813),
(1201, 179, 9, 3.192),
(1202, 179, 10, 3.091),
(1203, 179, 11, 3.346),
(1204, 180, 1, 1.609),
(1205, 180, 2, 3.194),
(1206, 180, 3, 1.092),
(1207, 180, 4, 3.335),
(1208, 180, 5, 2.605),
(1209, 180, 7, 3.051),
(1210, 180, 8, 1.658),
(1211, 180, 9, 3.326),
(1212, 180, 10, 1.736),
(1213, 180, 11, 1.585),
(1214, 181, 1, 1.932),
(1215, 181, 2, 2.315),
(1216, 181, 4, 1.599),
(1217, 181, 5, 1.175),
(1218, 181, 7, 2.103),
(1219, 181, 8, 2.901),
(1220, 181, 9, 2.972),
(1221, 181, 10, 2.083),
(1222, 181, 11, 3.404),
(1223, 182, 1, 2.609),
(1224, 182, 2, 2.698),
(1225, 182, 4, 1.904),
(1226, 182, 5, 1.912),
(1227, 182, 7, 1.462),
(1228, 182, 8, 2.48),
(1229, 182, 9, 1.682),
(1230, 182, 10, 2.444),
(1231, 182, 11, 3.41),
(1232, 183, 1, 3.495),
(1233, 183, 2, 1.605),
(1234, 183, 4, 2.363),
(1235, 183, 5, 3.01),
(1236, 183, 6, 1.324),
(1237, 183, 7, 2.512),
(1238, 183, 8, 2.274),
(1239, 183, 9, 2.487),
(1240, 183, 10, 3.412),
(1241, 183, 11, 1.743),
(1242, 184, 1, 2.502),
(1243, 184, 2, 1.293),
(1244, 184, 4, 1.211),
(1245, 184, 5, 2.25),
(1246, 184, 7, 3.303),
(1247, 184, 8, 3.462),
(1248, 184, 9, 1.711),
(1249, 184, 10, 1.821),
(1250, 184, 11, 2.285),
(1251, 185, 1, 1.176),
(1252, 185, 2, 1.152),
(1253, 185, 4, 1.863),
(1254, 185, 5, 2.463),
(1255, 185, 7, 1.907),
(1256, 185, 8, 2.717),
(1257, 185, 9, 1.537),
(1258, 185, 10, 1.474),
(1259, 185, 11, 3.337),
(1260, 186, 1, 3.145),
(1261, 186, 2, 2.995),
(1262, 186, 4, 1.07),
(1263, 186, 5, 3.056),
(1264, 186, 6, 1.73),
(1265, 186, 7, 2.825),
(1266, 186, 8, 3.101),
(1267, 186, 9, 3.452),
(1268, 186, 10, 2.3),
(1269, 186, 11, 2.951),
(1270, 187, 1, 2.592),
(1271, 187, 2, 3.412),
(1272, 187, 3, 2.652),
(1273, 187, 4, 3.28),
(1274, 187, 5, 2.064),
(1275, 187, 7, 3.06),
(1276, 187, 8, 2.687),
(1277, 187, 9, 1.308),
(1278, 187, 10, 2.58),
(1279, 187, 11, 2.603),
(1280, 188, 1, 3.114),
(1281, 188, 2, 2.011),
(1282, 188, 4, 2.464),
(1283, 188, 5, 3.376),
(1284, 188, 6, 2.947),
(1285, 188, 7, 2.886),
(1286, 188, 8, 1.429),
(1287, 188, 9, 1.155),
(1288, 188, 10, 2.824),
(1289, 188, 11, 2.695),
(1290, 189, 1, 1.34),
(1291, 189, 2, 3.426),
(1292, 189, 3, 2.36),
(1293, 189, 4, 1.45),
(1294, 189, 5, 1.339),
(1295, 189, 7, 2.915),
(1296, 189, 8, 1.412),
(1297, 189, 9, 2.338),
(1298, 189, 10, 2.842),
(1299, 189, 11, 1.233),
(1300, 190, 1, 2.145),
(1301, 190, 2, 1.159),
(1302, 190, 4, 3.068),
(1303, 190, 5, 1.269),
(1304, 190, 7, 3.139),
(1305, 190, 8, 3.456),
(1306, 190, 9, 1.116),
(1307, 190, 10, 1.438),
(1308, 190, 11, 2.309),
(1309, 191, 1, 2.42),
(1310, 191, 2, 3.077),
(1311, 191, 3, 1.291),
(1312, 191, 4, 1.548),
(1313, 191, 5, 1.331),
(1314, 191, 7, 1.38),
(1315, 191, 8, 2.606),
(1316, 191, 9, 3.433),
(1317, 191, 10, 2.722),
(1318, 191, 11, 2.822),
(1319, 192, 1, 2.735),
(1320, 192, 2, 1.181),
(1321, 192, 4, 3.035),
(1322, 192, 5, 2.204),
(1323, 192, 7, 3.199),
(1324, 192, 8, 1.029),
(1325, 192, 9, 2.279),
(1326, 192, 10, 2.764),
(1327, 192, 11, 1.884),
(1328, 193, 1, 3.33),
(1329, 193, 2, 1.496),
(1330, 193, 4, 2.483),
(1331, 193, 5, 3.478),
(1332, 193, 6, 1.618),
(1333, 193, 7, 2.38),
(1334, 193, 8, 3.008),
(1335, 193, 9, 2.538),
(1336, 193, 10, 3.406),
(1337, 193, 11, 1.046),
(1338, 194, 1, 1.707),
(1339, 194, 2, 3.007),
(1340, 194, 3, 2.159),
(1341, 194, 4, 1.053),
(1342, 194, 5, 2.629),
(1343, 194, 7, 1.501),
(1344, 194, 8, 1.578),
(1345, 194, 9, 1.266),
(1346, 194, 10, 2.421),
(1347, 194, 11, 3.196),
(1348, 195, 1, 1.863),
(1349, 195, 2, 3.285),
(1350, 195, 4, 2.611),
(1351, 195, 5, 2.01),
(1352, 195, 7, 2.383),
(1353, 195, 8, 1.164),
(1354, 195, 9, 2.607),
(1355, 195, 10, 2.996),
(1356, 195, 11, 1.816),
(1357, 196, 1, 3.299),
(1358, 196, 2, 2.385),
(1359, 196, 4, 1.783),
(1360, 196, 5, 1.347),
(1361, 196, 7, 2.895),
(1362, 196, 8, 2.681),
(1363, 196, 9, 2.366),
(1364, 196, 10, 1.66),
(1365, 196, 11, 1.627),
(1366, 197, 1, 2.897),
(1367, 197, 2, 2.62),
(1368, 197, 4, 1.149),
(1369, 197, 5, 1.678),
(1370, 197, 7, 3.383),
(1371, 197, 8, 3.404),
(1372, 197, 9, 1.945),
(1373, 197, 10, 3.27),
(1374, 197, 11, 1.554),
(1375, 198, 1, 2.291),
(1376, 198, 2, 2.382),
(1377, 198, 4, 1.957),
(1378, 198, 5, 3.291),
(1379, 198, 6, 3.36),
(1380, 198, 7, 2.276),
(1381, 198, 8, 2.088),
(1382, 198, 9, 2.653),
(1383, 198, 10, 2.985),
(1384, 198, 11, 1.137),
(1385, 199, 1, 2.231),
(1386, 199, 2, 2.801),
(1387, 199, 4, 3.354),
(1388, 199, 5, 2.192),
(1389, 199, 7, 2.231),
(1390, 199, 8, 1.771),
(1391, 199, 9, 1.968),
(1392, 199, 10, 3.174),
(1393, 199, 11, 1.365),
(1394, 200, 1, 3.426),
(1395, 200, 2, 1.736),
(1396, 200, 4, 1.164),
(1397, 200, 5, 3.095),
(1398, 200, 6, 2.199),
(1399, 200, 7, 2.828),
(1400, 200, 8, 1.009),
(1401, 200, 9, 2.769),
(1402, 200, 10, 1.453),
(1403, 200, 11, 3.388),
(1404, 201, 1, 3.292),
(1405, 201, 2, 2.358),
(1406, 201, 4, 3.484),
(1407, 201, 5, 2.304),
(1408, 201, 7, 1.389),
(1409, 201, 8, 2.93),
(1410, 201, 9, 3.145),
(1411, 201, 10, 3.188),
(1412, 201, 11, 2.529),
(1413, 202, 1, 1.677),
(1414, 202, 2, 3.351),
(1415, 202, 3, 2.904),
(1416, 202, 4, 2.2),
(1417, 202, 5, 1.818),
(1418, 202, 7, 3.1),
(1419, 202, 8, 1.748),
(1420, 202, 9, 2.423),
(1421, 202, 10, 1.52),
(1422, 202, 11, 1.621),
(1423, 203, 1, 2.121),
(1424, 203, 2, 2.976),
(1425, 203, 3, 2.383),
(1426, 203, 4, 1.907),
(1427, 203, 5, 2.483),
(1428, 203, 7, 2.498),
(1429, 203, 8, 2.495),
(1430, 203, 9, 2.257),
(1431, 203, 10, 2.737),
(1432, 203, 11, 2.693),
(1433, 204, 1, 2.07),
(1434, 204, 2, 2.31),
(1435, 204, 4, 2.233),
(1436, 204, 5, 1.835),
(1437, 204, 7, 2.298),
(1438, 204, 8, 1.664),
(1439, 204, 9, 1.381),
(1440, 204, 10, 3.299),
(1441, 204, 11, 1.379),
(1442, 205, 1, 2.762),
(1443, 205, 2, 1.241),
(1444, 205, 4, 1.303),
(1445, 205, 5, 3.057),
(1446, 205, 6, 3.306),
(1447, 205, 7, 1.227),
(1448, 205, 8, 1.129),
(1449, 205, 9, 3.363),
(1450, 205, 10, 3.47),
(1451, 205, 11, 1.789),
(1452, 206, 1, 2.507),
(1453, 206, 2, 1.779),
(1454, 206, 4, 2.57),
(1455, 206, 5, 2.241),
(1456, 206, 7, 2.767),
(1457, 206, 8, 1.339),
(1458, 206, 9, 1.708),
(1459, 206, 10, 2.514),
(1460, 206, 11, 1.041),
(1461, 207, 1, 1.168),
(1462, 207, 2, 2.966),
(1463, 207, 3, 3.482),
(1464, 207, 4, 1.913),
(1465, 207, 5, 2.121),
(1466, 207, 7, 2.126),
(1467, 207, 8, 1.9),
(1468, 207, 9, 1.098),
(1469, 207, 10, 1.907),
(1470, 207, 11, 1.995),
(1471, 208, 1, 1.076),
(1472, 208, 2, 2.887),
(1473, 208, 4, 1.32),
(1474, 208, 5, 2.754),
(1475, 208, 7, 2.656),
(1476, 208, 8, 3.376),
(1477, 208, 9, 2.637),
(1478, 208, 10, 2.555),
(1479, 208, 11, 3.062),
(1480, 209, 1, 1.354),
(1481, 209, 2, 3.281),
(1482, 209, 3, 1.587),
(1483, 209, 4, 2.067),
(1484, 209, 5, 1.857),
(1485, 209, 7, 3.149),
(1486, 209, 8, 2.865),
(1487, 209, 9, 3.137),
(1488, 209, 10, 3.273),
(1489, 209, 11, 2.147),
(1490, 210, 1, 2.972),
(1491, 210, 2, 1.333),
(1492, 210, 4, 2.445),
(1493, 210, 5, 2.805),
(1494, 210, 7, 2.821),
(1495, 210, 8, 1.841),
(1496, 210, 9, 3.294),
(1497, 210, 10, 2.578),
(1498, 210, 11, 1.597);

-- --------------------------------------------------------

--
-- Table structure for table `gwa`
--

CREATE TABLE `gwa` (
  `id` int(11) NOT NULL,
  `student_id` int(11) NOT NULL,
  `a2013_first` float DEFAULT NULL,
  `a2013_second` float DEFAULT NULL,
  `a2013_summer` float DEFAULT NULL,
  `a2014_first` float DEFAULT NULL,
  `a2014_second` float DEFAULT NULL,
  `a2014_summer` float DEFAULT NULL,
  `a2015_first` float DEFAULT NULL,
  `a2015_second` float DEFAULT NULL,
  `a2015_summer` float DEFAULT NULL,
  `a2016_first` float DEFAULT NULL,
  `a2016_second` float DEFAULT NULL
) ENGINE=InnoDB DEFAULT CHARSET=latin1;

--
-- Dumping data for table `gwa`
--

INSERT INTO `gwa` (`id`, `student_id`, `a2013_first`, `a2013_second`, `a2013_summer`, `a2014_first`, `a2014_second`, `a2014_summer`, `a2015_first`, `a2015_second`, `a2015_summer`, `a2016_first`, `a2016_second`) VALUES
(1, 1, 1, 3.015, NULL, 2.542, 1.822, NULL, NULL, NULL, NULL, NULL, NULL),
(2, 2, 2, 3.131, 2.607, 2.583, 1.034, NULL, NULL, NULL, NULL, NULL, NULL),
(3, 3, 2, 3.234, NULL, 3.055, 2.126, NULL, NULL, NULL, NULL, NULL, NULL),
(4, 4, 2, 2.836, NULL, 2.688, 1.408, 1.96, NULL, NULL, NULL, NULL, NULL),
(5, 5, 2, 2.939, NULL, 2.334, 2.216, NULL, NULL, NULL, NULL, NULL, NULL),
(6, 6, 3, 1.527, NULL, 2.664, 2.564, NULL, NULL, NULL, NULL, NULL, NULL),
(7, 7, 2, 2.995, 3.148, 2.608, 1.9, NULL, NULL, NULL, NULL, NULL, NULL),
(8, 8, 2, 1.706, NULL, 3.018, 1.528, 2.367, NULL, NULL, NULL, NULL, NULL),
(9, 9, 3, 1.54, 1.276, 3.082, 2.266, NULL, NULL, NULL, NULL, NULL, NULL),
(10, 10, 2, 2.322, NULL, 2.691, 3.251, NULL, NULL, NULL, NULL, NULL, NULL),
(11, 11, 2, 2.073, 1.285, 1.58, 3.374, NULL, NULL, NULL, NULL, NULL, NULL),
(12, 12, 2, 1.885, NULL, 1.73, 1.209, NULL, NULL, NULL, NULL, NULL, NULL),
(13, 13, 3, 1.119, NULL, 1.266, 2.236, 2.907, NULL, NULL, NULL, NULL, NULL),
(14, 14, 3, 1.665, NULL, 3.341, 2.847, NULL, NULL, NULL, NULL, NULL, NULL),
(15, 15, 3, 2.886, NULL, 1.397, 1.996, NULL, NULL, NULL, NULL, NULL, NULL),
(16, 16, 3, 2.848, NULL, 2.09, 1.169, 2.499, NULL, NULL, NULL, NULL, NULL),
(17, 17, 2, 1.664, 2.528, 2.699, 2.02, NULL, NULL, NULL, NULL, NULL, NULL),
(18, 18, 3, 1.643, NULL, 1.657, 1.969, NULL, NULL, NULL, NULL, NULL, NULL),
(19, 19, 3, 2.006, 2.305, 2.913, 1.138, 3.162, NULL, NULL, NULL, NULL, NULL),
(20, 20, 2, 2.134, NULL, 3.061, 1.885, NULL, NULL, NULL, NULL, NULL, NULL),
(21, 21, 2, 1.867, NULL, 3.36, 1.793, NULL, NULL, NULL, NULL, NULL, NULL),
(22, 22, 3, 2.755, 2.704, 2.312, 1.799, 1.375, NULL, NULL, NULL, NULL, NULL),
(23, 23, 3, 1.034, NULL, 2.531, 2.06, NULL, NULL, NULL, NULL, NULL, NULL),
(24, 24, 2, 1.197, NULL, 2.866, 1.09, NULL, NULL, NULL, NULL, NULL, NULL),
(25, 25, 1, 2.413, 2.23, 2.129, 2.215, NULL, NULL, NULL, NULL, NULL, NULL),
(26, 26, 3, 1.131, NULL, 2.887, 1.136, NULL, NULL, NULL, NULL, NULL, NULL),
(27, 27, 1, 3.224, 3.049, 1.757, 1.258, NULL, NULL, NULL, NULL, NULL, NULL),
(28, 28, 3, 1.54, NULL, 2.485, 2.425, 2.883, NULL, NULL, NULL, NULL, NULL),
(29, 29, 3, 1.671, NULL, 2.606, 2.87, NULL, NULL, NULL, NULL, NULL, NULL),
(30, 30, 2, 1.229, NULL, 2.088, 2.025, NULL, NULL, NULL, NULL, NULL, NULL),
(31, 31, 1, 2.861, 1.378, 1.493, 1.649, NULL, 3.08, 2.464, 1.85, NULL, NULL),
(32, 32, 1, 2.303, NULL, 2.782, 2.896, NULL, 1.402, 3.25, 2.71, NULL, NULL),
(33, 33, 3, 1.607, NULL, 3.13, 1.193, 1.187, 2.804, 2.094, 3.429, NULL, NULL),
(34, 34, 3, 3.241, NULL, 2.084, 2.51, NULL, 2.968, 3.419, 1.469, NULL, NULL),
(35, 35, 2, 1.291, 3.024, 1.597, 1.004, NULL, 3.273, 1.19, 1.096, NULL, NULL),
(36, 36, 2, 1.8, NULL, 2.411, 3.493, NULL, 1.241, 1.22, 2.536, NULL, NULL),
(37, 37, 1, 1.991, 3.39, 1.693, 1.946, NULL, 2.89, 2.29, 3.087, NULL, NULL),
(38, 38, 1, 1.506, NULL, 2.3, 1.736, 3.249, 3.039, 1.647, 2.563, NULL, NULL),
(39, 39, 1, 1.102, 2.475, 2.715, 2.738, NULL, 1.332, 1.299, 2.353, NULL, NULL),
(40, 40, 3, 1.391, NULL, 2.96, 1.178, NULL, 2.922, 1.34, 1.703, NULL, NULL),
(41, 41, 1, 2.507, NULL, 1.143, 2.46, NULL, 3.369, 1.564, 2.722, NULL, NULL),
(42, 42, 1, 1.083, 1.547, 2.456, 2.322, NULL, 1.848, 2.273, 1.65, NULL, NULL),
(43, 43, 2, 3.105, NULL, 1.899, 2.797, 2.683, 2.326, 3.276, 1.885, NULL, NULL),
(44, 44, 3, 2.694, NULL, 2.829, 3.24, NULL, 1.317, 2.815, 1.93, NULL, NULL),
(45, 45, 1, 3.135, 2.319, 3.31, 2.979, NULL, 1.965, 3.037, 1.816, NULL, NULL),
(46, 46, 3, 3.492, NULL, 1.357, 1.05, 1.915, 3.166, 2.71, 1.097, NULL, NULL),
(47, 47, 1, 2.65, NULL, 3.166, 1.1, NULL, 2.565, 3.433, 2.585, NULL, NULL),
(48, 48, 2, 2.968, NULL, 1.718, 1.512, NULL, 1.037, 3.026, 1.519, NULL, NULL),
(49, 49, 3, 1.428, NULL, 1.64, 2.086, 3.114, 1.204, 3.392, 2.309, NULL, NULL),
(50, 50, 1, 2.224, NULL, 1.912, 2.014, NULL, 1.248, 2.859, 2.073, NULL, NULL),
(51, 51, 2, 2.687, 3.371, 2.802, 2.664, NULL, 3.225, 1.052, 3.264, NULL, NULL),
(52, 52, 3, 1.106, NULL, 2.443, 2.001, NULL, 1.711, 2.134, 1.434, NULL, NULL),
(53, 53, 3, 1.11, NULL, 2.654, 2.593, NULL, 2.727, 1.173, 3.287, NULL, NULL),
(54, 54, 3, 3.254, NULL, 1.127, 2.721, NULL, 2.938, 2.729, 1.771, NULL, NULL),
(55, 55, 2, 1.207, NULL, 1.875, 1.696, 1.725, 2.141, 2.929, 3.365, NULL, NULL),
(56, 56, 2, 2.507, NULL, 1.312, 1.338, NULL, 3.336, 2.719, 1.252, NULL, NULL),
(57, 57, 1, 2.003, 3.015, 2.788, 1.652, NULL, 1.639, 1.554, 1.56, NULL, NULL),
(58, 58, 2, 1.814, NULL, 2.97, 3.291, NULL, 2.197, 1.253, 3.118, NULL, NULL),
(59, 59, 2, 1.67, NULL, 3.308, 2.739, NULL, 1.733, 2.195, 2.11, NULL, NULL),
(60, 60, 2, 2.94, NULL, 3.262, 2.564, 1.068, 2.588, 1.668, 2.315, NULL, NULL),
(61, 62, 3, 2.284, NULL, 2.635, 1.73, NULL, 3.374, 1.908, 2.126, 1.1, 3.141),
(62, 63, 3, 3.093, NULL, 3.443, 3.05, NULL, 3.216, 2.483, 2.553, 1.42, 1.957),
(63, 64, 2, 1.711, NULL, 3.271, 2.187, 1.679, 2.268, 2.967, 2.932, 2.786, 3.15),
(64, 65, 3, 2.147, NULL, 1.598, 3.074, NULL, 2.642, 1.683, 1.154, 2.722, 3.377),
(65, 66, 3, 1.514, NULL, 1.616, 3.229, NULL, 2.151, 2.717, 1.769, 1.466, 2.47),
(66, 67, 3, 1.77, NULL, 2.839, 1.051, 1.09, 1.331, 2.887, 1.899, 2.973, 2.138),
(67, 68, 2, 1.98, NULL, 2.25, 2.756, NULL, 1.589, 2.544, 1.652, 2.907, 2.488),
(68, 69, 3, 1.949, NULL, 2.979, 2.058, NULL, 1.254, 2.99, 1.477, 2.029, 1.79),
(69, 70, 2, 2.359, NULL, 2.34, 1.629, 2.483, 3.331, 3.129, 1.416, 2.381, 2.868),
(70, 71, 3, 1.794, NULL, 3.387, 3.282, NULL, 2.882, 2.066, 2.225, 1.591, 1.504),
(71, 72, 2, 1.458, NULL, 2.975, 3.137, NULL, 1.641, 2.985, 2.697, 2.762, 2.747),
(72, 73, 3, 2.855, NULL, 2.329, 1.575, NULL, 2.66, 1.455, 2.723, 1.07, 2.337),
(73, 74, 3, 1.053, NULL, 2.478, 1.142, 1.159, 3.05, 2.499, 1.719, 3.095, 2.61),
(74, 75, 3, 3.352, NULL, 1.239, 2.126, NULL, 2.477, 3.216, 2.785, 3.494, 2.174),
(75, 76, 3, 3.458, NULL, 1.052, 2.982, 1.379, 1.293, 2.984, 3.192, 1.991, 1.316),
(76, 77, 2, 2.512, NULL, 3.488, 3.105, 3.205, 2.788, 2.95, 1.403, 1.184, 1.79),
(77, 78, 2, 2.988, NULL, 1.5, 3.025, NULL, 3.283, 2.335, 3.481, 2.256, 3.111),
(78, 79, 1, 3.245, NULL, 1.308, 1.356, NULL, 2.326, 3.229, 2.607, 2.208, 3.149),
(79, 80, 2, 1.366, NULL, 2.995, 1.789, NULL, 2.434, 2.203, 1.429, 1.47, 2.64),
(80, 81, 3, 1.116, NULL, 3.114, 2.713, NULL, 2.656, 3.4, 2.106, 2, 1.484),
(81, 82, 2, 1.844, NULL, 1.063, 2.24, NULL, 2.593, 3.323, 2.827, 2.772, 2.883),
(82, 83, 1, 3.014, NULL, 1.384, 3.49, 1.333, 1.873, 1.513, 3.443, 2.144, 1.952),
(83, 84, 3, 1.098, NULL, 1.188, 2.12, NULL, 3.091, 3.265, 1.358, 1.232, 1.915),
(84, 85, 3, 2.515, NULL, 1.521, 1.016, NULL, 1.697, 1.25, 1.943, 2.024, 1.326),
(85, 86, 1, 1.58, NULL, 1.129, 3.407, NULL, 2.139, 1.542, 3.188, 1.029, 1.178),
(86, 87, 2, 3.346, NULL, 2.809, 2.652, NULL, 2.089, 1.906, 2.309, 2.078, 2.296),
(87, 88, 1, 2.663, NULL, 1.636, 3.205, 2.506, 3.264, 2.269, 1.359, 2.497, 1.543),
(88, 89, 3, 2.315, NULL, 2.956, 2.752, NULL, 1.305, 2.656, 2.528, 2.771, 2.748),
(89, 90, 3, 1.483, NULL, 2.315, 1.795, NULL, 1.531, 2.385, 2.789, 2.78, 1.369),
(90, 61, 2, 1.389, NULL, 3.241, 1.61, NULL, 1.686, 2.903, 2.947, 3.205, 1.261),
(91, 91, 2, 1.427, NULL, 1.309, 1.624, NULL, NULL, NULL, NULL, NULL, NULL),
(92, 92, 3, 2.492, NULL, 1.681, 3.151, NULL, NULL, NULL, NULL, NULL, NULL),
(93, 93, 1, 2.682, NULL, 1.799, 2.616, NULL, NULL, NULL, NULL, NULL, NULL),
(94, 94, 3, 3.496, 1.39, 2.729, 2.494, 3.376, NULL, NULL, NULL, NULL, NULL),
(95, 95, 3, 3.048, NULL, 2.614, 2.335, NULL, NULL, NULL, NULL, NULL, NULL),
(96, 96, 3, 3.487, NULL, 2.706, 2.437, NULL, NULL, NULL, NULL, NULL, NULL),
(97, 97, 2, 3.33, NULL, 3.397, 2.482, 2.122, NULL, NULL, NULL, NULL, NULL),
(98, 98, 3, 3.16, NULL, 2.107, 3.325, NULL, NULL, NULL, NULL, NULL, NULL),
(99, 99, 2, 2.582, NULL, 1.342, 3.498, NULL, NULL, NULL, NULL, NULL, NULL),
(100, 100, 1, 1.078, 3.07, 1.113, 2.855, NULL, NULL, NULL, NULL, NULL, NULL),
(101, 101, 2, 2.804, NULL, 3.477, 2.888, NULL, NULL, NULL, NULL, NULL, NULL),
(102, 102, 2, 1.297, NULL, 3.114, 2.875, 2.47, NULL, NULL, NULL, NULL, NULL),
(103, 103, 2, 2.249, 3.214, 1.113, 1.468, NULL, NULL, NULL, NULL, NULL, NULL),
(104, 104, 2, 2.012, NULL, 1.796, 1.418, NULL, NULL, NULL, NULL, NULL, NULL),
(105, 105, 1, 1.346, NULL, 1.157, 1.224, NULL, NULL, NULL, NULL, NULL, NULL),
(106, 106, 1, 2.367, 2.9, 1.293, 2.955, NULL, NULL, NULL, NULL, NULL, NULL),
(107, 107, 1, 1.182, NULL, 1.356, 2.328, NULL, NULL, NULL, NULL, NULL, NULL),
(108, 108, 3, 3.236, NULL, 2.049, 3.435, 1.801, NULL, NULL, NULL, NULL, NULL),
(109, 109, 3, 1.981, 2.129, 2.613, 2.638, NULL, NULL, NULL, NULL, NULL, NULL),
(110, 110, 2, 1.204, NULL, 3.108, 1.863, NULL, NULL, NULL, NULL, NULL, NULL),
(111, 111, 2, 3.243, NULL, 2.428, 2.008, 1.117, NULL, NULL, NULL, NULL, NULL),
(112, 112, 2, 2.586, NULL, 2.57, 1.532, 1.028, NULL, NULL, NULL, NULL, NULL),
(113, 113, 3, 1.796, 3.382, 1.976, 1.64, NULL, NULL, NULL, NULL, NULL, NULL),
(114, 114, 2, 3.018, NULL, 2.575, 1.4, NULL, NULL, NULL, NULL, NULL, NULL),
(115, 115, 3, 2.644, NULL, 3.018, 2.85, NULL, NULL, NULL, NULL, NULL, NULL),
(116, 116, 2, 2.172, 2.376, 2.607, 1.361, 3.372, NULL, NULL, NULL, NULL, NULL),
(117, 117, 2, 1.511, NULL, 1.091, 1.532, NULL, NULL, NULL, NULL, NULL, NULL),
(118, 118, 3, 1.044, NULL, 1.24, 2.41, NULL, NULL, NULL, NULL, NULL, NULL),
(119, 119, 1, 1.536, NULL, 1.394, 1.904, NULL, NULL, NULL, NULL, NULL, NULL),
(120, 120, 1, 3.217, NULL, 3.157, 2.842, 3.408, NULL, NULL, NULL, NULL, NULL),
(121, 121, 2, 2.759, 2.052, 3.248, 2.629, NULL, NULL, NULL, NULL, NULL, NULL),
(122, 122, 3, 1.074, NULL, 2.251, 2.273, NULL, NULL, NULL, NULL, NULL, NULL),
(123, 123, 1, 1.346, NULL, 3.309, 1.522, NULL, NULL, NULL, NULL, NULL, NULL),
(124, 124, 2, 2.247, 1.974, 3.496, 1.566, NULL, NULL, NULL, NULL, NULL, NULL),
(125, 125, 1, 1.364, NULL, 1.697, 1.009, NULL, NULL, NULL, NULL, NULL, NULL),
(126, 126, 3, 2.004, NULL, 3.317, 2.182, NULL, NULL, NULL, NULL, NULL, NULL),
(127, 127, 2, 2.495, 2.878, 3.014, 1.092, NULL, NULL, NULL, NULL, NULL, NULL),
(128, 128, 1, 2.056, NULL, 2.269, 2.361, NULL, NULL, NULL, NULL, NULL, NULL),
(129, 129, 3, 2.103, NULL, 2.949, 2.982, 2.65, NULL, NULL, NULL, NULL, NULL),
(130, 130, 3, 1.387, NULL, 1.295, 2.671, NULL, NULL, NULL, NULL, NULL, NULL),
(131, 131, 3, 2.094, NULL, 2.521, 2.931, NULL, 2.716, 2.289, 3.468, NULL, NULL),
(132, 132, 2, 1.856, 1.739, 3.07, 3.458, NULL, 3.029, 2.854, 2.082, NULL, NULL),
(133, 133, 2, 3.151, NULL, 1.064, 1.352, NULL, 2.28, 2.234, 2.95, NULL, NULL),
(134, 134, 3, 1.802, NULL, 2.682, 1.617, 2.113, 1.361, 2.096, 2.965, NULL, NULL),
(135, 135, 3, 1.791, NULL, 2.697, 2.263, NULL, 1.146, 2.483, 2.317, NULL, NULL),
(136, 136, 1, 1.084, 3.159, 1.034, 1.906, NULL, 1.319, 3.328, 1.658, NULL, NULL),
(137, 137, 3, 2.711, NULL, 1.528, 2.005, NULL, 2.796, 1.128, 2.502, NULL, NULL),
(138, 138, 2, 1.406, NULL, 3.015, 1.781, NULL, 1.179, 1.048, 3.371, NULL, NULL),
(139, 139, 3, 1.256, NULL, 2.149, 1.691, NULL, 1.236, 3.017, 1.516, NULL, NULL),
(140, 140, 2, 1.602, NULL, 2.932, 2.571, 1.252, 2.86, 2.855, 3.242, NULL, NULL),
(141, 141, 3, 1.342, NULL, 1.286, 3.476, NULL, 1.993, 1.697, 3.117, NULL, NULL),
(142, 142, 3, 3.308, 2.254, 3.096, 3.28, 1.965, 2.06, 1.479, 2.321, NULL, NULL),
(143, 143, 2, 1.791, NULL, 2.944, 2.214, NULL, 1.248, 2.566, 3.171, NULL, NULL),
(144, 144, 3, 1.171, NULL, 2.943, 1.464, NULL, 1.401, 3.139, 2.506, NULL, NULL),
(145, 145, 3, 2.759, 3.26, 1.602, 3.373, NULL, 3.335, 1.322, 2.234, NULL, NULL),
(146, 146, 2, 3.081, NULL, 3.444, 1.841, NULL, 1.479, 2.455, 1.117, NULL, NULL),
(147, 147, 2, 2.693, NULL, 1.431, 1.215, 1.682, 1.109, 3.11, 1.498, NULL, NULL),
(148, 148, 3, 1.384, 1.646, 3.129, 2.563, NULL, 2.465, 1.963, 3.188, NULL, NULL),
(149, 149, 1, 2.376, NULL, 2.145, 1.158, NULL, 1.976, 1.343, 2.658, NULL, NULL),
(150, 150, 2, 3.263, NULL, 3.471, 1.633, NULL, 1.518, 3.411, 1.136, NULL, NULL),
(151, 151, 1, 1.914, NULL, 1.493, 1.388, NULL, 2.795, 2.866, 2.042, NULL, NULL),
(152, 152, 3, 1.062, 3.238, 2.996, 2.486, NULL, 3.088, 2.303, 2.115, NULL, NULL),
(153, 153, 3, 3.437, NULL, 2.872, 1.998, NULL, 3.325, 1.651, 1.825, NULL, NULL),
(154, 154, 3, 3.069, NULL, 3.324, 1.407, NULL, 1.268, 2.525, 2.57, NULL, NULL),
(155, 155, 3, 3.127, NULL, 1.804, 3.004, 1.952, 2.799, 1.743, 1.69, NULL, NULL),
(156, 156, 2, 3.465, 3.484, 1.229, 2.64, NULL, 3.363, 2.63, 1.879, NULL, NULL),
(157, 157, 3, 1.998, NULL, 3.394, 1.777, NULL, 2.61, 2.728, 1.847, NULL, NULL),
(158, 158, 1, 2.771, NULL, 3.277, 1.585, 2.333, 1.02, 3.125, 1.229, NULL, NULL),
(159, 159, 1, 1.558, NULL, 1.582, 2.951, NULL, 3.075, 3.233, 2.012, NULL, NULL),
(160, 160, 3, 2.573, 3.045, 3.185, 1.363, NULL, 2.612, 1.837, 3.338, NULL, NULL),
(161, 161, 3, 1.064, NULL, 1.218, 3.368, NULL, 1.193, 2.717, 1.792, NULL, NULL),
(162, 162, 1, 1.17, NULL, 2.04, 1.851, NULL, 1.159, 1.398, 1.535, NULL, NULL),
(163, 163, 2, 1.223, NULL, 1.21, 1.343, 1.11, 1.194, 3.127, 2.277, NULL, NULL),
(164, 164, 2, 1.685, 3.39, 2.946, 1.225, 2.308, 1.496, 2.167, 1.077, NULL, NULL),
(165, 165, 1, 1.43, NULL, 3.028, 2.215, NULL, 2.778, 2.872, 1.87, NULL, NULL),
(166, 166, 2, 2.123, NULL, 2.83, 3.091, NULL, 1.786, 3.491, 2.645, NULL, NULL),
(167, 167, 2, 2.343, NULL, 1.34, 3.411, NULL, 1.204, 3.024, 2.447, NULL, NULL),
(168, 168, 1, 2.692, NULL, 1.371, 2.429, NULL, 1.832, 2.484, 2.443, NULL, NULL),
(169, 169, 1, 2.346, 3.062, 3.432, 2.44, 1.167, 1.235, 3.482, 1.697, NULL, NULL),
(170, 170, 1, 3.414, NULL, 3.112, 2.891, NULL, 2.573, 3.416, 1.7, NULL, NULL),
(171, 171, 2, 1.409, NULL, 2.664, 2.672, 2.767, 3.078, 2.874, 2.091, 1.88, 1.359),
(172, 172, 2, 3.069, NULL, 1.464, 2.765, NULL, 3.173, 1.215, 2.984, 2.404, 2.154),
(173, 173, 2, 1.524, NULL, 2.959, 2.366, NULL, 3.497, 1.645, 3.324, 3.018, 1.139),
(174, 174, 3, 3.382, 2.661, 2.538, 1.955, NULL, 1.506, 1.491, 1.98, 1.075, 2.646),
(175, 175, 2, 2.591, NULL, 1.034, 2.597, NULL, 2.219, 1.179, 2.337, 2.67, 2.396),
(176, 176, 3, 2.891, 3.029, 2.715, 1.468, NULL, 1.456, 1.782, 2.93, 1.809, 2.615),
(177, 177, 3, 1.303, NULL, 1.364, 2.161, NULL, 2.885, 1.065, 1.752, 2.612, 1.158),
(178, 178, 2, 2.823, 2.868, 2.607, 3.471, 3.039, 1.371, 1.065, 2.376, 1.45, 3.418),
(179, 179, 1, 2.487, NULL, 1.016, 2.809, NULL, 1.357, 2.813, 3.192, 3.091, 3.346),
(180, 180, 2, 3.194, 1.092, 3.335, 2.605, NULL, 3.051, 1.658, 3.326, 1.736, 1.585),
(181, 181, 2, 2.315, NULL, 1.599, 1.175, NULL, 2.103, 2.901, 2.972, 2.083, 3.404),
(182, 182, 3, 2.698, NULL, 1.904, 1.912, NULL, 1.462, 2.48, 1.682, 2.444, 3.41),
(183, 183, 3, 1.605, NULL, 2.363, 3.01, 1.324, 2.512, 2.274, 2.487, 3.412, 1.743),
(184, 184, 3, 1.293, NULL, 1.211, 2.25, NULL, 3.303, 3.462, 1.711, 1.821, 2.285),
(185, 185, 1, 1.152, NULL, 1.863, 2.463, NULL, 1.907, 2.717, 1.537, 1.474, 3.337),
(186, 186, 3, 2.995, NULL, 1.07, 3.056, 1.73, 2.825, 3.101, 3.452, 2.3, 2.951),
(187, 187, 3, 3.412, 2.652, 3.28, 2.064, NULL, 3.06, 2.687, 1.308, 2.58, 2.603),
(188, 188, 3, 2.011, NULL, 2.464, 3.376, 2.947, 2.886, 1.429, 1.155, 2.824, 2.695),
(189, 189, 1, 3.426, 2.36, 1.45, 1.339, NULL, 2.915, 1.412, 2.338, 2.842, 1.233),
(190, 190, 2, 1.159, NULL, 3.068, 1.269, NULL, 3.139, 3.456, 1.116, 1.438, 2.309),
(191, 191, 2, 3.077, 1.291, 1.548, 1.331, NULL, 1.38, 2.606, 3.433, 2.722, 2.822),
(192, 192, 3, 1.181, NULL, 3.035, 2.204, NULL, 3.199, 1.029, 2.279, 2.764, 1.884),
(193, 193, 3, 1.496, NULL, 2.483, 3.478, 1.618, 2.38, 3.008, 2.538, 3.406, 1.046),
(194, 194, 2, 3.007, 2.159, 1.053, 2.629, NULL, 1.501, 1.578, 1.266, 2.421, 3.196),
(195, 195, 2, 3.285, NULL, 2.611, 2.01, NULL, 2.383, 1.164, 2.607, 2.996, 1.816),
(196, 196, 3, 2.385, NULL, 1.783, 1.347, NULL, 2.895, 2.681, 2.366, 1.66, 1.627),
(197, 197, 3, 2.62, NULL, 1.149, 1.678, NULL, 3.383, 3.404, 1.945, 3.27, 1.554),
(198, 198, 2, 2.382, NULL, 1.957, 3.291, 3.36, 2.276, 2.088, 2.653, 2.985, 1.137),
(199, 199, 2, 2.801, NULL, 3.354, 2.192, NULL, 2.231, 1.771, 1.968, 3.174, 1.365),
(200, 200, 3, 1.736, NULL, 1.164, 3.095, 2.199, 2.828, 1.009, 2.769, 1.453, 3.388),
(201, 201, 3, 2.358, NULL, 3.484, 2.304, NULL, 1.389, 2.93, 3.145, 3.188, 2.529),
(202, 202, 2, 3.351, 2.904, 2.2, 1.818, NULL, 3.1, 1.748, 2.423, 1.52, 1.621),
(203, 203, 2, 2.976, 2.383, 1.907, 2.483, NULL, 2.498, 2.495, 2.257, 2.737, 2.693),
(204, 204, 2, 2.31, NULL, 2.233, 1.835, NULL, 2.298, 1.664, 1.381, 3.299, 1.379),
(205, 205, 3, 1.241, NULL, 1.303, 3.057, 3.306, 1.227, 1.129, 3.363, 3.47, 1.789),
(206, 206, 3, 1.779, NULL, 2.57, 2.241, NULL, 2.767, 1.339, 1.708, 2.514, 1.041),
(207, 207, 1, 2.966, 3.482, 1.913, 2.121, NULL, 2.126, 1.9, 1.098, 1.907, 1.995),
(208, 208, 1, 2.887, NULL, 1.32, 2.754, NULL, 2.656, 3.376, 2.637, 2.555, 3.062),
(209, 209, 1, 3.281, 1.587, 2.067, 1.857, NULL, 3.149, 2.865, 3.137, 3.273, 2.147),
(210, 210, 3, 1.333, NULL, 2.445, 2.805, NULL, 2.821, 1.841, 3.294, 2.578, 1.597);

-- --------------------------------------------------------

--
-- Table structure for table `migrations`
--

CREATE TABLE `migrations` (
  `id` int(10) UNSIGNED NOT NULL,
  `migration` varchar(255) COLLATE utf8mb4_unicode_ci NOT NULL,
  `batch` int(11) NOT NULL
) ENGINE=MyISAM DEFAULT CHARSET=utf8mb4 COLLATE=utf8mb4_unicode_ci;

-- --------------------------------------------------------

--
-- Table structure for table `schoolyear`
--

CREATE TABLE `schoolyear` (
  `id` int(11) NOT NULL,
  `year` varchar(20) NOT NULL,
  `semester` varchar(20) NOT NULL
) ENGINE=InnoDB DEFAULT CHARSET=latin1;

--
-- Dumping data for table `schoolyear`
--

INSERT INTO `schoolyear` (`id`, `year`, `semester`) VALUES
(1, '2013-2014', '1st Semester'),
(2, '2013-2014', '2nd Semester'),
(3, '2013-2014', 'Summer'),
(4, '2014-2015', '1st Semester'),
(5, '2014-2015', '2nd Semester'),
(6, '2014-2015', 'Summer'),
(7, '2015-2016', '1st Semester'),
(8, '2015-2016', '2nd Semester'),
(9, '2015-2016', 'Summer'),
(10, '2016-2017', '1st Semester'),
(11, '2016-2017', '2nd Semester'),
(12, '2016-2017', 'Summer');

-- --------------------------------------------------------

--
-- Table structure for table `school_year`
--

CREATE TABLE `school_year` (
  `id` int(11) NOT NULL,
  `semester` varchar(100) NOT NULL,
  `year` varchar(100) NOT NULL
) ENGINE=InnoDB DEFAULT CHARSET=latin1;

-- --------------------------------------------------------

--
-- Table structure for table `students`
--

CREATE TABLE `students` (
  `id` int(11) NOT NULL,
  `firstname` varchar(255) NOT NULL,
  `lastname` varchar(255) NOT NULL,
  `coursename` varchar(255) NOT NULL,
  `gender` varchar(10) NOT NULL,
  `age` int(3) NOT NULL,
  `yearlevel` int(3) NOT NULL,
  `section` varchar(3) NOT NULL
) ENGINE=MyISAM DEFAULT CHARSET=latin1;

--
-- Dumping data for table `students`
--

INSERT INTO `students` (`id`, `firstname`, `lastname`, `coursename`, `gender`, `age`, `yearlevel`, `section`) VALUES
(1, 'Jimmie', 'Wolfe', 'BSCS', 'm', 18, 2, '2a'),
(2, 'Grant', 'Ball', 'BSCS', 'm', 17, 2, '2a'),
(3, 'Delbert', 'Greer', 'BSCS', 'm', 17, 2, '2a'),
(4, 'Otis', 'Banks', 'BSCS', 'm', 18, 2, '2a'),
(5, 'Lynn', 'Glover', 'BSCS', 'm', 17, 2, '2a'),
(6, 'Frank', 'White', 'BSCS', 'm', 18, 2, '2a'),
(7, 'Luis', 'Newton', 'BSCS', 'm', 18, 2, '2a'),
(8, 'Jessica', 'Taylor', 'BSCS', 'f', 18, 2, '2a'),
(9, 'Angela', 'Martinez', 'BSCS', 'f', 17, 2, '2a'),
(10, 'Angelina', 'Castro', 'BSCS', 'f', 17, 2, '2a'),
(11, 'Tracey', 'Bradley', 'BSCS', 'f', 17, 2, '2a'),
(12, 'Krista', 'Brooks', 'BSCS', 'f', 18, 2, '2a'),
(13, 'Velma', 'Delgado', 'BSCS', 'f', 18, 2, '2a'),
(14, 'Shari', 'Anderson', 'BSCS', 'f', 17, 2, '2a'),
(15, 'Lena', 'Quinn', 'BSCS', 'f', 17, 2, '2a'),
(16, 'Gregg', 'Price', 'BSCS', 'm', 18, 2, '2b'),
(17, 'Harvey', 'Marsh', 'BSCS', 'm', 18, 2, '2b'),
(18, 'Jason', 'Francis', 'BSCS', 'm', 17, 2, '2b'),
(19, 'Gordon', 'Gibbs', 'BSCS', 'm', 18, 2, '2b'),
(20, 'Aaron', 'Wilson', 'BSCS', 'm', 18, 2, '2b'),
(21, 'Al', 'Cook', 'BSCS', 'm', 18, 2, '2b'),
(22, 'Dave', 'Bell', 'BSCS', 'm', 18, 2, '2b'),
(23, 'Theodore', 'Gardner', 'BSCS', 'm', 18, 2, '2b'),
(24, 'Amanda', 'Miller', 'BSCS', 'f', 17, 2, '2b'),
(25, 'Deborah', 'Bennett', 'BSCS', 'f', 18, 2, '2b'),
(26, 'Karen', 'Young', 'BSCS', 'f', 18, 2, '2b'),
(27, 'Elizabeth', 'Torres', 'BSCS', 'f', 17, 2, '2b'),
(28, 'Doris', 'Campbell', 'BSCS', 'f', 17, 2, '2b'),
(29, 'Christine', 'Hernandez', 'BSCS', 'f', 19, 2, '2b'),
(30, 'Amy', 'Mitchell', 'BSCS', 'f', 19, 2, '2b'),
(31, 'Claude', 'Foster', 'BSCS', 'm', 19, 3, '3a'),
(32, 'Toby', 'Clayton', 'BSCS', 'm', 18, 3, '3a'),
(33, 'Stewart', 'Hughes', 'BSCS', 'm', 18, 3, '3a'),
(34, 'Randall', 'Warner', 'BSCS', 'm', 19, 3, '3a'),
(35, 'Tony', 'Herrera', 'BSCS', 'm', 18, 3, '3a'),
(36, 'Wilbert', 'Reid', 'BSCS', 'm', 18, 3, '3a'),
(37, 'Ramon', 'Andrews', 'BSCS', 'm', 19, 3, '3a'),
(38, 'Evelyn', 'Lee', 'BSCS', 'f', 19, 3, '3a'),
(39, 'Wanda', 'Phillips', 'BSCS', 'f', 18, 3, '3a'),
(40, 'Judy', 'Wilson', 'BSCS', 'f', 18, 3, '3a'),
(41, 'Marie', 'Ramirez', 'BSCS', 'f', 18, 3, '3a'),
(42, 'Susan', 'Johnson', 'BSCS', 'f', 19, 3, '3a'),
(43, 'Betty', 'Barnes', 'BSCS', 'f', 18, 3, '3a'),
(44, 'Donna', 'Davis', 'BSCS', 'f', 18, 3, '3a'),
(45, 'Tammy', 'Harris', 'BSCS', 'f', 19, 3, '3a'),
(46, 'Lionel', 'Mcbride', 'BSCS', 'm', 19, 3, '3b'),
(47, 'Earl', 'Coleman', 'BSCS', 'm', 18, 3, '3b'),
(48, 'Cody', 'Saunders', 'BSCS', 'm', 19, 3, '3b'),
(49, 'Jermaine', 'Bryant', 'BSCS', 'm', 19, 3, '3b'),
(50, 'Javier', 'Gross', 'BSCS', 'm', 18, 3, '3b'),
(51, 'Roman', 'Brady', 'BSCS', 'm', 19, 3, '3b'),
(52, 'Wade', 'Adkins', 'BSCS', 'm', 19, 3, '3b'),
(53, 'Kenneth', 'Rogers', 'BSCS', 'm', 19, 3, '3b'),
(54, 'Denise', 'Collins', 'BSCS', 'f', 19, 3, '3b'),
(55, 'Kathy', 'Rogers', 'BSCS', 'f', 19, 3, '3b'),
(56, 'Diana', 'Bryant', 'BSCS', 'f', 18, 3, '3b'),
(57, 'Carol', 'Kelly', 'BSCS', 'f', 19, 3, '3b'),
(58, 'Frances', 'Stewart', 'BSCS', 'f', 19, 3, '3b'),
(59, 'Julie', 'Hughes', 'BSCS', 'f', 19, 3, '3b'),
(60, 'Anne', 'Long', 'BSCS', 'f', 18, 3, '3b'),
(61, 'Erik', 'Salazar', 'BSCS', 'm', 20, 4, '4a'),
(62, 'Marshall', 'Cummings', 'BSCS', 'm', 20, 4, '4a'),
(63, 'Terrell', 'Hardy', 'BSCS', 'm', 20, 4, '4a'),
(64, 'Colin', 'Hamilton', 'BSCS', 'm', 20, 4, '4a'),
(65, 'Lester', 'Freeman', 'BSCS', 'm', 20, 4, '4a'),
(66, 'Wayne', 'Bridges', 'BSCS', 'm', 20, 4, '4a'),
(67, 'Melissa', 'Cooper', 'BSCS', 'f', 21, 4, '4a'),
(68, 'Helen', 'Edwards', 'BSCS', 'f', 21, 4, '4a'),
(69, 'Jane', 'Jones', 'BSCS', 'f', 20, 4, '4a'),
(70, 'Christina', 'Hall', 'BSCS', 'f', 20, 4, '4a'),
(71, 'Jacqueline', 'Flores', 'BSCS', 'f', 21, 4, '4a'),
(72, 'Janice', 'Sanchez', 'BSCS', 'f', 21, 4, '4a'),
(73, 'Jean', 'Richardson', 'BSCS', 'f', 21, 4, '4a'),
(74, 'Dorothy', 'Wood', 'BSCS', 'f', 20, 4, '4a'),
(75, 'Jesus', 'Watson', 'BSCS', 'm', 21, 4, '4b'),
(76, 'Malcolm', 'Harmon', 'BSCS', 'm', 21, 4, '4b'),
(77, 'Greg', 'Parks', 'BSCS', 'm', 21, 4, '4b'),
(78, 'Roderick', 'Cox', 'BSCS', 'm', 20, 4, '4b'),
(79, 'Warren', 'Poole', 'BSCS', 'm', 21, 4, '4b'),
(80, 'Eric', 'Evans', 'BSCS', 'm', 21, 4, '4b'),
(81, 'Pat', 'Frank', 'BSCS', 'm', 21, 4, '4b'),
(82, 'Jeremy', 'Medina', 'BSCS', 'm', 21, 4, '4b'),
(83, 'Sandra', 'Price', 'BSCS', 'f', 20, 4, '4b'),
(84, 'Diane', 'Bell', 'BSCS', 'f', 21, 4, '4b'),
(85, 'Kimberly', 'White', 'BSCS', 'f', 21, 4, '4b'),
(86, 'Nicole', 'Cox', 'BSCS', 'f', 21, 4, '4b'),
(87, 'Ruth', 'Martin', 'BSCS', 'f', 20, 4, '4b'),
(88, 'Andrea', 'Baker', 'BSCS', 'f', 21, 4, '4b'),
(89, 'Nancy', 'Adams', 'BSCS', 'f', 20, 4, '4b'),
(90, 'Sara', 'Lewis', 'BSCS', 'f', 21, 4, '4a'),
(91, 'Carl', 'Nguyen', 'BSIT', 'm', 19, 2, '2a'),
(92, 'Clark', 'Aguilar', 'BSIT', 'm', 19, 2, '2a'),
(93, 'Terry', 'Carlson', 'BSIT', 'm', 19, 2, '2a'),
(94, 'Franklin', 'Craig', 'BSIT', 'm', 18, 2, '2a'),
(95, 'Josh', 'Underwood', 'BSIT', 'm', 19, 2, '2a'),
(96, 'Francis', 'Lamb', 'BSIT', 'm', 18, 2, '2a'),
(97, 'Ryan', 'Pope', 'BSIT', 'm', 18, 2, '2a'),
(98, 'Edmund', 'Martinez', 'BSIT', 'm', 18, 2, '2a'),
(99, 'Rolando', 'Moran', 'BSIT', 'm', 19, 2, '2a'),
(100, 'Herman', 'Kim', 'BSIT', 'm', 19, 2, '2a'),
(101, 'Linda', 'Evans', 'BSIT', 'f', 19, 2, '2a'),
(102, 'Barbara', 'Robinson', 'BSIT', 'f', 18, 2, '2a'),
(103, 'Margaret', 'Clark', 'BSIT', 'f', 19, 2, '2a'),
(104, 'Debra', 'Moore', 'BSIT', 'f', 19, 2, '2a'),
(105, 'Katherine', 'Roberts', 'BSIT', 'f', 18, 2, '2a'),
(106, 'Kathleen', 'Green', 'BSIT', 'f', 19, 2, '2a'),
(107, 'Joyce', 'Henderson', 'BSIT', 'f', 18, 2, '2a'),
(108, 'Norma', 'Russell', 'BSIT', 'f', 18, 2, '2a'),
(109, 'Janet', 'Morgan', 'BSIT', 'f', 19, 2, '2a'),
(110, 'Gloria', 'Alexander', 'BSIT', 'f', 19, 2, '2a'),
(111, 'Roosevelt', 'Zimmerman', 'BSIT', 'm', 19, 2, '2b'),
(112, 'Tyrone', 'Waters', 'BSIT', 'm', 19, 2, '2b'),
(113, 'Gerardo', 'Lindsey', 'BSIT', 'm', 19, 2, '2b'),
(114, 'Wm', 'Mccoy', 'BSIT', 'm', 18, 2, '2b'),
(115, 'Julio', 'Ruiz', 'BSIT', 'm', 19, 2, '2b'),
(116, 'Christopher', 'Hunter', 'BSIT', 'm', 18, 2, '2b'),
(117, 'Dominic', 'Hicks', 'BSIT', 'm', 18, 2, '2b'),
(118, 'Leroy', 'Mason', 'BSIT', 'm', 18, 2, '2b'),
(119, 'Elias', 'Clark', 'BSIT', 'm', 19, 2, '2b'),
(120, 'Caleb', 'Burke', 'BSIT', 'm', 19, 2, '2b'),
(121, 'Joan', 'Smith', 'BSIT', 'f', 18, 2, '2b'),
(122, 'Anna', 'Foster', 'BSIT', 'f', 18, 2, '2b'),
(123, 'Lois', 'Nelson', 'BSIT', 'f', 18, 2, '2b'),
(124, 'Heather', 'Patterson', 'BSIT', 'f', 19, 2, '2b'),
(125, 'Teresa', 'Carter', 'BSIT', 'f', 19, 2, '2b'),
(126, 'Cynthia', 'Wright', 'BSIT', 'f', 19, 2, '2b'),
(127, 'Rose', 'Thompson', 'BSIT', 'f', 19, 2, '2b'),
(128, 'Ashley', 'Garcia', 'BSIT', 'f', 19, 2, '2b'),
(129, 'Lori', 'Diaz', 'BSIT', 'f', 18, 2, '2b'),
(130, 'Laura', 'Perez', 'BSIT', 'f', 18, 2, '2b'),
(131, 'Morris', 'Armstrong', 'BSIT', 'm', 19, 3, '3a'),
(132, 'Casey', 'Ross', 'BSIT', 'm', 20, 3, '3a'),
(133, 'Ernesto', 'Gordon', 'BSIT', 'm', 20, 3, '3a'),
(134, 'Santos', 'Guerrero', 'BSIT', 'm', 19, 3, '3a'),
(135, 'Louis', 'Walsh', 'BSIT', 'm', 19, 3, '3a'),
(136, 'Kristopher', 'Turner', 'BSIT', 'm', 19, 3, '3a'),
(137, 'Roland', 'Soto', 'BSIT', 'm', 19, 3, '3a'),
(138, 'Alexander', 'Howard', 'BSIT', 'm', 19, 3, '3a'),
(139, 'Ronald', 'Torres', 'BSIT', 'm', 19, 3, '3a'),
(140, 'Noah', 'Romero', 'BSIT', 'm', 20, 3, '3a'),
(141, 'Carolyn', 'Watson', 'BSIT', 'f', 20, 3, '3a'),
(142, 'Rachel', 'Hill', 'BSIT', 'f', 19, 3, '3a'),
(143, 'Mary', 'Murphy', 'BSIT', 'f', 19, 3, '3a'),
(144, 'Annie', 'Sanders', 'BSIT', 'f', 20, 3, '3a'),
(145, 'Bonnie', 'Gray', 'BSIT', 'f', 19, 3, '3a'),
(146, 'Kelly', 'Jackson', 'BSIT', 'f', 19, 3, '3a'),
(147, 'Jennifer', 'Anderson', 'BSIT', 'f', 20, 3, '3a'),
(148, 'Mildred', 'Gonzales', 'BSIT', 'f', 20, 3, '3a'),
(149, 'Sharon', 'Jenkins', 'BSIT', 'f', 20, 3, '3a'),
(150, 'Lisa', 'Walker', 'BSIT', 'f', 19, 3, '3a'),
(151, 'Courtney', 'Roberts', 'BSIT', 'm', 19, 3, '3b'),
(152, 'Norman', 'Stone', 'BSIT', 'm', 19, 3, '3b'),
(153, 'Elbert', 'Bates', 'BSIT', 'm', 20, 3, '3b'),
(154, 'Adrian', 'Abbott', 'BSIT', 'm', 19, 3, '3b'),
(155, 'Lewis', 'Webster', 'BSIT', 'm', 20, 3, '3b'),
(156, 'Derrick', 'Porter', 'BSIT', 'm', 20, 3, '3b'),
(157, 'Laurence', 'Miller', 'BSIT', 'm', 20, 3, '3b'),
(158, 'Jimmy', 'Riley', 'BSIT', 'm', 20, 3, '3b'),
(159, 'Isaac', 'Logan', 'BSIT', 'm', 19, 3, '3b'),
(160, 'Elmer', 'Greene', 'BSIT', 'm', 19, 3, '3b'),
(161, 'Martha', 'James', 'BSIT', 'f', 19, 3, '3b'),
(162, 'Lillian', 'Allen', 'BSIT', 'f', 20, 3, '3b'),
(163, 'Stephanie', 'Powell', 'BSIT', 'f', 19, 3, '3b'),
(164, 'Irene', 'Ross', 'BSIT', 'f', 20, 3, '3b'),
(165, 'Paula', 'Parker', 'BSIT', 'f', 20, 3, '3b'),
(166, 'Patricia', 'Reed', 'BSIT', 'f', 19, 3, '3b'),
(167, 'Alice', 'Simmons', 'BSIT', 'f', 20, 3, '3b'),
(168, 'Ruby', 'Gonzalez', 'BSIT', 'f', 19, 3, '3b'),
(169, 'Marilyn', 'Butler', 'BSIT', 'f', 19, 3, '3b'),
(170, 'Louise', 'Scott', 'BSIT', 'f', 20, 3, '3b'),
(171, 'Darnell', 'Estrada', 'BSIT', 'm', 21, 4, '4a'),
(172, 'Clifton', 'Mcdaniel', 'BSIT', 'm', 20, 4, '4a'),
(173, 'Rafael', 'Beck', 'BSIT', 'm', 21, 4, '4a'),
(174, 'Mark', 'Caldwell', 'BSIT', 'm', 20, 4, '4a'),
(175, 'Gabriel', 'Roberson', 'BSIT', 'm', 20, 4, '4a'),
(176, 'Jerry', 'Walters', 'BSIT', 'm', 20, 4, '4a'),
(177, 'Joseph', 'Arnold', 'BSIT', 'm', 21, 4, '4a'),
(178, 'Clarence', 'Patton', 'BSIT', 'm', 20, 4, '4a'),
(179, 'Ruben', 'Matthews', 'BSIT', 'm', 21, 4, '4a'),
(180, 'Ronnie', 'Boone', 'BSIT', 'm', 20, 4, '4a'),
(181, 'Shirley', 'Cook', 'BSIT', 'f', 20, 4, '4a'),
(182, 'Catherine', 'Washington', 'BSIT', 'f', 21, 4, '4a'),
(183, 'Theresa', 'Perry', 'BSIT', 'f', 20, 4, '4a'),
(184, 'Michelle', 'Thomas', 'BSIT', 'f', 21, 4, '4a'),
(185, 'Cheryl', 'Lopez', 'BSIT', 'f', 20, 4, '4a'),
(186, 'Virginia', 'Brooks', 'BSIT', 'f', 20, 4, '4a'),
(187, 'Pamela', 'Rivera', 'BSIT', 'f', 20, 4, '4a'),
(188, 'Phyllis', 'Morris', 'BSIT', 'f', 20, 4, '4a'),
(189, 'Judith', 'Brown', 'BSIT', 'f', 21, 4, '4a'),
(190, 'Brenda', 'Ward', 'BSIT', 'f', 20, 4, '4a'),
(191, 'Joe', 'Nunez', 'BSIT', 'm', 21, 4, '4b'),
(192, 'Nicholas', 'Evans', 'BSIT', 'm', 20, 4, '4b'),
(193, 'Christopher', 'Thompson', 'BSIT', 'm', 21, 4, '4b'),
(194, 'Juan', 'Taylor', 'BSIT', 'm', 21, 4, '4b'),
(195, 'Thomas', 'Wright', 'BSIT', 'm', 21, 4, '4b'),
(196, 'Billy', 'Torres', 'BSIT', 'm', 21, 4, '4b'),
(197, 'Henry', 'Patterson', 'BSIT', 'm', 20, 4, '4b'),
(198, 'Ralph', 'Garcia', 'BSIT', 'm', 21, 4, '4b'),
(199, 'Russell', 'Hughes', 'BSIT', 'm', 21, 4, '4b'),
(200, 'Jeremy', 'Price', 'BSIT', 'm', 21, 4, '4b'),
(201, 'Erika', 'Smith', 'BSIT', 'f', 21, 4, '4b'),
(202, 'Emily', 'Coleman', 'BSIT', 'f', 21, 4, '4b'),
(203, 'Sarah', 'Rodriguez', 'BSIT', 'f', 21, 4, '4b'),
(204, 'Maria', 'Howard', 'BSIT', 'f', 21, 4, '4b'),
(205, 'Kathryn', 'Griffin', 'BSIT', 'f', 21, 4, '4b'),
(206, 'Beverly', 'Peterson', 'BSIT', 'f', 21, 4, '4b'),
(207, 'Ann', 'Williams', 'BSIT', 'f', 21, 4, '4b'),
(208, 'Rebecca', 'Bailey', 'BSIT', 'f', 21, 4, '4b'),
(209, 'Julia', 'Turner', 'BSIT', 'f', 20, 4, '4b'),
(210, 'Tina', 'King', 'BSIT', 'f', 20, 4, '4b');

-- --------------------------------------------------------

--
-- Table structure for table `users`
--

CREATE TABLE `users` (
  `id` int(10) UNSIGNED NOT NULL,
  `name` varchar(255) COLLATE utf8mb4_unicode_ci NOT NULL,
  `email` varchar(255) COLLATE utf8mb4_unicode_ci NOT NULL,
  `password` varchar(255) COLLATE utf8mb4_unicode_ci NOT NULL,
  `remember_token` varchar(100) COLLATE utf8mb4_unicode_ci DEFAULT NULL,
  `created_at` timestamp NULL DEFAULT NULL,
  `updated_at` timestamp NULL DEFAULT NULL
) ENGINE=MyISAM DEFAULT CHARSET=utf8mb4 COLLATE=utf8mb4_unicode_ci;

--
-- Dumping data for table `users`
--

INSERT INTO `users` (`id`, `name`, `email`, `password`, `remember_token`, `created_at`, `updated_at`) VALUES
(1, 'Admin', 'admin@gmail.com', '$2y$10$065P3Or51ksEWsu69xUWxebf.Tni/9U2KywZvUav1a5rjeZq2zjDC', NULL, '2018-02-17 03:22:18', '2018-02-17 03:22:18');

--
-- Indexes for dumped tables
--

--
-- Indexes for table `course`
--
ALTER TABLE `course`
  ADD PRIMARY KEY (`id`);

--
-- Indexes for table `eq`
--
ALTER TABLE `eq`
  ADD PRIMARY KEY (`id`);

--
-- Indexes for table `grades`
--
ALTER TABLE `grades`
  ADD PRIMARY KEY (`id`),
  ADD KEY `schoolyear` (`schoolyear`);

--
-- Indexes for table `gwa`
--
ALTER TABLE `gwa`
  ADD PRIMARY KEY (`id`);

--
-- Indexes for table `migrations`
--
ALTER TABLE `migrations`
  ADD PRIMARY KEY (`id`);

--
-- Indexes for table `schoolyear`
--
ALTER TABLE `schoolyear`
  ADD PRIMARY KEY (`id`);

--
-- Indexes for table `school_year`
--
ALTER TABLE `school_year`
  ADD PRIMARY KEY (`id`);

--
-- Indexes for table `students`
--
ALTER TABLE `students`
  ADD PRIMARY KEY (`id`);

--
-- Indexes for table `users`
--
ALTER TABLE `users`
  ADD PRIMARY KEY (`id`);

--
-- AUTO_INCREMENT for dumped tables
--

--
-- AUTO_INCREMENT for table `course`
--
ALTER TABLE `course`
  MODIFY `id` int(11) NOT NULL AUTO_INCREMENT, AUTO_INCREMENT=211;
--
-- AUTO_INCREMENT for table `eq`
--
ALTER TABLE `eq`
  MODIFY `id` int(11) NOT NULL AUTO_INCREMENT, AUTO_INCREMENT=211;
--
-- AUTO_INCREMENT for table `grades`
--
ALTER TABLE `grades`
  MODIFY `id` int(11) NOT NULL AUTO_INCREMENT, AUTO_INCREMENT=1499;
--
-- AUTO_INCREMENT for table `gwa`
--
ALTER TABLE `gwa`
  MODIFY `id` int(11) NOT NULL AUTO_INCREMENT, AUTO_INCREMENT=211;
--
-- AUTO_INCREMENT for table `migrations`
--
ALTER TABLE `migrations`
  MODIFY `id` int(10) UNSIGNED NOT NULL AUTO_INCREMENT;
--
-- AUTO_INCREMENT for table `schoolyear`
--
ALTER TABLE `schoolyear`
  MODIFY `id` int(11) NOT NULL AUTO_INCREMENT, AUTO_INCREMENT=13;
--
-- AUTO_INCREMENT for table `school_year`
--
ALTER TABLE `school_year`
  MODIFY `id` int(11) NOT NULL AUTO_INCREMENT;
--
-- AUTO_INCREMENT for table `students`
--
ALTER TABLE `students`
  MODIFY `id` int(11) NOT NULL AUTO_INCREMENT, AUTO_INCREMENT=211;
--
-- AUTO_INCREMENT for table `users`
--
ALTER TABLE `users`
  MODIFY `id` int(10) UNSIGNED NOT NULL AUTO_INCREMENT, AUTO_INCREMENT=2;
--
-- Constraints for dumped tables
--

--
-- Constraints for table `grades`
--
ALTER TABLE `grades`
  ADD CONSTRAINT `grades_ibfk_1` FOREIGN KEY (`schoolyear`) REFERENCES `schoolyear` (`id`);

/*!40101 SET CHARACTER_SET_CLIENT=@OLD_CHARACTER_SET_CLIENT */;
/*!40101 SET CHARACTER_SET_RESULTS=@OLD_CHARACTER_SET_RESULTS */;
/*!40101 SET COLLATION_CONNECTION=@OLD_COLLATION_CONNECTION */;
